Domain Code,Domain,Area Code (M49),Area,Element Code,Element,Item Code (CPC),Item,Year Code,Year,Unit,Value,Flag,Flag Description,Note
"QCL","Crops and livestock products","484","Mexico","5412","Yield","01929.06","Agave fibres, raw, n.e.c.","2020","2020","kg/ha","457.9","E","Estimated value",""
"QCL","Crops and livestock products","484","Mexico","5510","Production","01929.06","Agave fibres, raw, n.e.c.","2020","2020","t","6181.83","E","Estimated value",""
"QCL","Crops and livestock products","484","Mexico","5412","Yield","01929.06","Agave fibres, raw, n.e.c.","2021","2021","kg/ha","457.7","E","Estimated value",""
"QCL","Crops and livestock products","484","Mexico","5510","Production","01929.06","Agave fibres, raw, n.e.c.","2021","2021","t","6138.45","E","Estimated value",""
"QCL","Crops and livestock products","484","Mexico","5412","Yield","01929.06","Agave fibres, raw, n.e.c.","2022","2022","kg/ha","455.1","E","Estimated value",""
"QCL","Crops and livestock products","484","Mexico","5510","Production","01929.06","Agave fibres, raw, n.e.c.","2022","2022","t","6091.53","E","Estimated value",""
"QCL","Crops and livestock products","484","Mexico","5412","Yield","01929.06","Agave fibres, raw, n.e.c.","2023","2023","kg/ha","456.9","E","Estimated value",""
"QCL","Crops and livestock products","484","Mexico","5510","Production","01929.06","Agave fibres, raw, n.e.c.","2023","2023","t","6137.27","E","Estimated value",""
"QCL","Crops and livestock products","484","Mexico","5412","Yield","01371","Almonds, in shell","2020","2020","kg/ha","1427.4","E","Estimated value",""
"QCL","Crops and livestock products","484","Mexico","5510","Production","01371","Almonds, in shell","2020","2020","t","47.63","E","Estimated value",""
"QCL","Crops and livestock products","484","Mexico","5412","Yield","01371","Almonds, in shell","2021","2021","kg/ha","1427.3","E","Estimated value",""
"QCL","Crops and livestock products","484","Mexico","5510","Production","01371","Almonds, in shell","2021","2021","t","47.71","E","Estimated value",""
"QCL","Crops and livestock products","484","Mexico","5412","Yield","01371","Almonds, in shell","2022","2022","kg/ha","1427","E","Estimated value",""
"QCL","Crops and livestock products","484","Mexico","5510","Production","01371","Almonds, in shell","2022","2022","t","47.79","E","Estimated value",""
"QCL","Crops and livestock products","484","Mexico","5412","Yield","01371","Almonds, in shell","2023","2023","kg/ha","1427.2","E","Estimated value",""
"QCL","Crops and livestock products","484","Mexico","5510","Production","01371","Almonds, in shell","2023","2023","t","47.71","E","Estimated value",""
"QCL","Crops and livestock products","484","Mexico","5412","Yield","01654","Anise, badian, coriander, cumin, caraway, fennel and juniper berries, raw","2020","2020","kg/ha","15813.2","A","Official figure",""
"QCL","Crops and livestock products","484","Mexico","5510","Production","01654","Anise, badian, coriander, cumin, caraway, fennel and juniper berries, raw","2020","2020","t","132675.18","A","Official figure",""
"QCL","Crops and livestock products","484","Mexico","5412","Yield","01654","Anise, badian, coriander, cumin, caraway, fennel and juniper berries, raw","2021","2021","kg/ha","15540.7","A","Official figure",""
"QCL","Crops and livestock products","484","Mexico","5510","Production","01654","Anise, badian, coriander, cumin, caraway, fennel and juniper berries, raw","2021","2021","t","132914","A","Official figure",""
"QCL","Crops and livestock products","484","Mexico","5412","Yield","01654","Anise, badian, coriander, cumin, caraway, fennel and juniper berries, raw","2022","2022","kg/ha","14398","A","Official figure",""
"QCL","Crops and livestock products","484","Mexico","5510","Production","01654","Anise, badian, coriander, cumin, caraway, fennel and juniper berries, raw","2022","2022","t","114461.82","A","Official figure",""
"QCL","Crops and livestock products","484","Mexico","5412","Yield","01654","Anise, badian, coriander, cumin, caraway, fennel and juniper berries, raw","2023","2023","kg/ha","14889.5","A","Official figure",""
"QCL","Crops and livestock products","484","Mexico","5510","Production","01654","Anise, badian, coriander, cumin, caraway, fennel and juniper berries, raw","2023","2023","t","118152.3","A","Official figure",""
"QCL","Crops and livestock products","484","Mexico","5412","Yield","01341","Apples","2020","2020","kg/ha","12594.8","A","Official figure",""
"QCL","Crops and livestock products","484","Mexico","5510","Production","01341","Apples","2020","2020","t","714203.2","A","Official figure",""
"QCL","Crops and livestock products","484","Mexico","5412","Yield","01341","Apples","2021","2021","kg/ha","11307","A","Official figure",""
"QCL","Crops and livestock products","484","Mexico","5510","Production","01341","Apples","2021","2021","t","631766.79","A","Official figure",""
"QCL","Crops and livestock products","484","Mexico","5412","Yield","01341","Apples","2022","2022","kg/ha","14720.8","A","Official figure",""
"QCL","Crops and livestock products","484","Mexico","5510","Production","01341","Apples","2022","2022","t","808906.03","A","Official figure",""
"QCL","Crops and livestock products","484","Mexico","5412","Yield","01341","Apples","2023","2023","kg/ha","14931.5","A","Official figure",""
"QCL","Crops and livestock products","484","Mexico","5510","Production","01341","Apples","2023","2023","t","814533.51","A","Official figure",""
"QCL","Crops and livestock products","484","Mexico","5412","Yield","01343","Apricots","2020","2020","kg/ha","5293.1","A","Official figure",""
"QCL","Crops and livestock products","484","Mexico","5510","Production","01343","Apricots","2020","2020","t","1093.51","A","Official figure",""
"QCL","Crops and livestock products","484","Mexico","5412","Yield","01343","Apricots","2021","2021","kg/ha","5405.3","A","Official figure",""
"QCL","Crops and livestock products","484","Mexico","5510","Production","01343","Apricots","2021","2021","t","1088.95","A","Official figure",""
"QCL","Crops and livestock products","484","Mexico","5412","Yield","01343","Apricots","2022","2022","kg/ha","5447.9","A","Official figure",""
"QCL","Crops and livestock products","484","Mexico","5510","Production","01343","Apricots","2022","2022","t","714.49","A","Official figure",""
"QCL","Crops and livestock products","484","Mexico","5412","Yield","01343","Apricots","2023","2023","kg/ha","5496","A","Official figure",""
"QCL","Crops and livestock products","484","Mexico","5510","Production","01343","Apricots","2023","2023","t","1039.01","A","Official figure",""
"QCL","Crops and livestock products","484","Mexico","5412","Yield","01216","Artichokes","2020","2020","kg/ha","12768.8","A","Official figure",""
"QCL","Crops and livestock products","484","Mexico","5510","Production","01216","Artichokes","2020","2020","t","3423.45","A","Official figure",""
"QCL","Crops and livestock products","484","Mexico","5412","Yield","01216","Artichokes","2021","2021","kg/ha","13197.3","A","Official figure",""
"QCL","Crops and livestock products","484","Mexico","5510","Production","01216","Artichokes","2021","2021","t","3258.8","A","Official figure",""
"QCL","Crops and livestock products","484","Mexico","5412","Yield","01216","Artichokes","2022","2022","kg/ha","14146.2","A","Official figure",""
"QCL","Crops and livestock products","484","Mexico","5510","Production","01216","Artichokes","2022","2022","t","2029.98","A","Official figure",""
"QCL","Crops and livestock products","484","Mexico","5412","Yield","01216","Artichokes","2023","2023","kg/ha","14478.4","A","Official figure",""
"QCL","Crops and livestock products","484","Mexico","5510","Production","01216","Artichokes","2023","2023","t","2019.74","A","Official figure",""
"QCL","Crops and livestock products","484","Mexico","5412","Yield","01211","Asparagus","2020","2020","kg/ha","9410.6","A","Official figure",""
"QCL","Crops and livestock products","484","Mexico","5510","Production","01211","Asparagus","2020","2020","t","300575.12","A","Official figure",""
"QCL","Crops and livestock products","484","Mexico","5412","Yield","01211","Asparagus","2021","2021","kg/ha","9429.7","A","Official figure",""
"QCL","Crops and livestock products","484","Mexico","5510","Production","01211","Asparagus","2021","2021","t","328990.33","A","Official figure",""
"QCL","Crops and livestock products","484","Mexico","5412","Yield","01211","Asparagus","2022","2022","kg/ha","9956.6","A","Official figure",""
"QCL","Crops and livestock products","484","Mexico","5510","Production","01211","Asparagus","2022","2022","t","357839.33","A","Official figure",""
"QCL","Crops and livestock products","484","Mexico","5412","Yield","01211","Asparagus","2023","2023","kg/ha","9331.3","A","Official figure",""
"QCL","Crops and livestock products","484","Mexico","5510","Production","01211","Asparagus","2023","2023","t","347291.22","A","Official figure",""
"QCL","Crops and livestock products","484","Mexico","5412","Yield","01311","Avocados","2020","2020","kg/ha","10666.7","A","Official figure",""
"QCL","Crops and livestock products","484","Mexico","5510","Production","01311","Avocados","2020","2020","t","2393848.57","A","Official figure",""
"QCL","Crops and livestock products","484","Mexico","5412","Yield","01311","Avocados","2021","2021","kg/ha","10784","A","Official figure",""
"QCL","Crops and livestock products","484","Mexico","5510","Production","01311","Avocados","2021","2021","t","2442944.64","A","Official figure",""
"QCL","Crops and livestock products","484","Mexico","5412","Yield","01311","Avocados","2022","2022","kg/ha","10759.7","A","Official figure",""
"QCL","Crops and livestock products","484","Mexico","5510","Production","01311","Avocados","2022","2022","t","2540715.37","A","Official figure",""
"QCL","Crops and livestock products","484","Mexico","5412","Yield","01311","Avocados","2023","2023","kg/ha","11738","A","Official figure",""
"QCL","Crops and livestock products","484","Mexico","5510","Production","01311","Avocados","2023","2023","t","2973344.42","A","Official figure",""
"QCL","Crops and livestock products","484","Mexico","5412","Yield","01312","Bananas","2020","2020","kg/ha","30900","A","Official figure",""
"QCL","Crops and livestock products","484","Mexico","5510","Production","01312","Bananas","2020","2020","t","2464171.34","A","Official figure",""
"QCL","Crops and livestock products","484","Mexico","5412","Yield","01312","Bananas","2021","2021","kg/ha","30200.6","A","Official figure",""
"QCL","Crops and livestock products","484","Mexico","5510","Production","01312","Bananas","2021","2021","t","2405891.33","A","Official figure",""
"QCL","Crops and livestock products","484","Mexico","5412","Yield","01312","Bananas","2022","2022","kg/ha","30755.3","A","Official figure",""
"QCL","Crops and livestock products","484","Mexico","5510","Production","01312","Bananas","2022","2022","t","2593024.74","A","Official figure",""
"QCL","Crops and livestock products","484","Mexico","5412","Yield","01312","Bananas","2023","2023","kg/ha","30734.5","A","Official figure",""
"QCL","Crops and livestock products","484","Mexico","5510","Production","01312","Bananas","2023","2023","t","2642338.39","A","Official figure",""
"QCL","Crops and livestock products","484","Mexico","5412","Yield","0115","Barley","2020","2020","kg/ha","2937.6","A","Official figure",""
"QCL","Crops and livestock products","484","Mexico","5510","Production","0115","Barley","2020","2020","t","864293.27","A","Official figure",""
"QCL","Crops and livestock products","484","Mexico","5412","Yield","0115","Barley","2021","2021","kg/ha","3012.2","A","Official figure",""
"QCL","Crops and livestock products","484","Mexico","5510","Production","0115","Barley","2021","2021","t","1032812.06","A","Official figure",""
"QCL","Crops and livestock products","484","Mexico","5412","Yield","0115","Barley","2022","2022","kg/ha","2960.2","A","Official figure",""
"QCL","Crops and livestock products","484","Mexico","5510","Production","0115","Barley","2022","2022","t","1023969.25","A","Official figure",""
"QCL","Crops and livestock products","484","Mexico","5412","Yield","0115","Barley","2023","2023","kg/ha","2797.3","A","Official figure",""
"QCL","Crops and livestock products","484","Mexico","5510","Production","0115","Barley","2023","2023","t","832037.28","A","Official figure",""
"QCL","Crops and livestock products","484","Mexico","5412","Yield","01701","Beans, dry","2020","2020","kg/ha","673.8","A","Official figure",""
"QCL","Crops and livestock products","484","Mexico","5510","Production","01701","Beans, dry","2020","2020","t","1056070.61","A","Official figure",""
"QCL","Crops and livestock products","484","Mexico","5412","Yield","01701","Beans, dry","2021","2021","kg/ha","772","A","Official figure",""
"QCL","Crops and livestock products","484","Mexico","5510","Production","01701","Beans, dry","2021","2021","t","1288806.47","A","Official figure",""
"QCL","Crops and livestock products","484","Mexico","5412","Yield","01701","Beans, dry","2022","2022","kg/ha","666.3","A","Official figure",""
"QCL","Crops and livestock products","484","Mexico","5510","Production","01701","Beans, dry","2022","2022","t","965370.65","A","Official figure",""
"QCL","Crops and livestock products","484","Mexico","5412","Yield","01701","Beans, dry","2023","2023","kg/ha","950.5","A","Official figure",""
"QCL","Crops and livestock products","484","Mexico","5510","Production","01701","Beans, dry","2023","2023","t","723642.32","A","Official figure",""
"QCL","Crops and livestock products","484","Mexico","5412","Yield","01355.01","Blueberries","2020","2020","kg/ha","10909.5","A","Official figure",""
"QCL","Crops and livestock products","484","Mexico","5510","Production","01355.01","Blueberries","2020","2020","t","50292.63","A","Official figure",""
"QCL","Crops and livestock products","484","Mexico","5412","Yield","01355.01","Blueberries","2021","2021","kg/ha","11398.1","A","Official figure",""
"QCL","Crops and livestock products","484","Mexico","5510","Production","01355.01","Blueberries","2021","2021","t","66481.52","A","Official figure",""
"QCL","Crops and livestock products","484","Mexico","5412","Yield","01355.01","Blueberries","2022","2022","kg/ha","15434.5","A","Official figure",""
"QCL","Crops and livestock products","484","Mexico","5510","Production","01355.01","Blueberries","2022","2022","t","66846.62","A","Official figure",""
"QCL","Crops and livestock products","484","Mexico","5412","Yield","01355.01","Blueberries","2023","2023","kg/ha","13731.6","A","Official figure",""
"QCL","Crops and livestock products","484","Mexico","5510","Production","01355.01","Blueberries","2023","2023","t","80133.49","A","Official figure",""
"QCL","Crops and livestock products","484","Mexico","5412","Yield","01702","Broad beans and horse beans, dry","2020","2020","kg/ha","1587.9","A","Official figure",""
"QCL","Crops and livestock products","484","Mexico","5510","Production","01702","Broad beans and horse beans, dry","2020","2020","t","37108.04","A","Official figure",""
"QCL","Crops and livestock products","484","Mexico","5412","Yield","01702","Broad beans and horse beans, dry","2021","2021","kg/ha","1605.8","A","Official figure",""
"QCL","Crops and livestock products","484","Mexico","5510","Production","01702","Broad beans and horse beans, dry","2021","2021","t","37578.07","A","Official figure",""
"QCL","Crops and livestock products","484","Mexico","5412","Yield","01702","Broad beans and horse beans, dry","2022","2022","kg/ha","1364.8","A","Official figure",""
"QCL","Crops and livestock products","484","Mexico","5510","Production","01702","Broad beans and horse beans, dry","2022","2022","t","23517.17","A","Official figure",""
"QCL","Crops and livestock products","484","Mexico","5412","Yield","01702","Broad beans and horse beans, dry","2023","2023","kg/ha","1671.7","A","Official figure",""
"QCL","Crops and livestock products","484","Mexico","5510","Production","01702","Broad beans and horse beans, dry","2023","2023","t","28262.29","A","Official figure",""
"QCL","Crops and livestock products","484","Mexico","5412","Yield","01243","Broad beans and horse beans, green","2020","2020","kg/ha","6345.7","A","Official figure",""
"QCL","Crops and livestock products","484","Mexico","5510","Production","01243","Broad beans and horse beans, green","2020","2020","t","82536.74","A","Official figure",""
"QCL","Crops and livestock products","484","Mexico","5412","Yield","01243","Broad beans and horse beans, green","2021","2021","kg/ha","6391.1","A","Official figure",""
"QCL","Crops and livestock products","484","Mexico","5510","Production","01243","Broad beans and horse beans, green","2021","2021","t","82423.94","A","Official figure",""
"QCL","Crops and livestock products","484","Mexico","5412","Yield","01243","Broad beans and horse beans, green","2022","2022","kg/ha","6558.2","A","Official figure",""
"QCL","Crops and livestock products","484","Mexico","5510","Production","01243","Broad beans and horse beans, green","2022","2022","t","61883.15","A","Official figure",""
"QCL","Crops and livestock products","484","Mexico","5412","Yield","01243","Broad beans and horse beans, green","2023","2023","kg/ha","6842.4","A","Official figure",""
"QCL","Crops and livestock products","484","Mexico","5510","Production","01243","Broad beans and horse beans, green","2023","2023","t","68974.86","A","Official figure",""
"QCL","Crops and livestock products","484","Mexico","5412","Yield","01212","Cabbages","2020","2020","kg/ha","33610.6","A","Official figure",""
"QCL","Crops and livestock products","484","Mexico","5510","Production","01212","Cabbages","2020","2020","t","244606.5","A","Official figure",""
"QCL","Crops and livestock products","484","Mexico","5412","Yield","01212","Cabbages","2021","2021","kg/ha","33879.1","A","Official figure",""
"QCL","Crops and livestock products","484","Mexico","5510","Production","01212","Cabbages","2021","2021","t","236505.9","A","Official figure",""
"QCL","Crops and livestock products","484","Mexico","5412","Yield","01212","Cabbages","2022","2022","kg/ha","34024.8","A","Official figure",""
"QCL","Crops and livestock products","484","Mexico","5510","Production","01212","Cabbages","2022","2022","t","205167.9","A","Official figure",""
"QCL","Crops and livestock products","484","Mexico","5412","Yield","01212","Cabbages","2023","2023","kg/ha","34165.7","A","Official figure",""
"QCL","Crops and livestock products","484","Mexico","5510","Production","01212","Cabbages","2023","2023","t","227321.92","A","Official figure",""
"QCL","Crops and livestock products","484","Mexico","5412","Yield","01195","Canary seed","2020","2020","kg/ha","1269.4","A","Official figure",""
"QCL","Crops and livestock products","484","Mexico","5510","Production","01195","Canary seed","2020","2020","t","2.45","A","Official figure",""
"QCL","Crops and livestock products","484","Mexico","5412","Yield","01195","Canary seed","2021","2021","kg/ha","1269.4","A","Official figure",""
"QCL","Crops and livestock products","484","Mexico","5510","Production","01195","Canary seed","2021","2021","t","2.45","A","Official figure",""
"QCL","Crops and livestock products","484","Mexico","5412","Yield","01195","Canary seed","2022","2022","kg/ha","1600","A","Official figure",""
"QCL","Crops and livestock products","484","Mexico","5510","Production","01195","Canary seed","2022","2022","t","3.28","A","Official figure",""
"QCL","Crops and livestock products","484","Mexico","5412","Yield","01195","Canary seed","2023","2023","kg/ha","1429.3","A","Official figure",""
"QCL","Crops and livestock products","484","Mexico","5510","Production","01195","Canary seed","2023","2023","t","2.93","A","Official figure",""
"QCL","Crops and livestock products","484","Mexico","5412","Yield","01229","Cantaloupes and other melons","2020","2020","kg/ha","32065","A","Official figure",""
"QCL","Crops and livestock products","484","Mexico","5510","Production","01229","Cantaloupes and other melons","2020","2020","t","612939.93","A","Official figure",""
"QCL","Crops and livestock products","484","Mexico","5412","Yield","01229","Cantaloupes and other melons","2021","2021","kg/ha","30943.4","A","Official figure",""
"QCL","Crops and livestock products","484","Mexico","5510","Production","01229","Cantaloupes and other melons","2021","2021","t","550282.05","A","Official figure",""
"QCL","Crops and livestock products","484","Mexico","5412","Yield","01229","Cantaloupes and other melons","2022","2022","kg/ha","32182.3","A","Official figure",""
"QCL","Crops and livestock products","484","Mexico","5510","Production","01229","Cantaloupes and other melons","2022","2022","t","579900.93","A","Official figure",""
"QCL","Crops and livestock products","484","Mexico","5412","Yield","01229","Cantaloupes and other melons","2023","2023","kg/ha","32821.8","A","Official figure",""
"QCL","Crops and livestock products","484","Mexico","5510","Production","01229","Cantaloupes and other melons","2023","2023","t","648541","A","Official figure",""
"QCL","Crops and livestock products","484","Mexico","5412","Yield","01251","Carrots and turnips","2020","2020","kg/ha","29811.1","A","Official figure",""
"QCL","Crops and livestock products","484","Mexico","5510","Production","01251","Carrots and turnips","2020","2020","t","361080.16","A","Official figure",""
"QCL","Crops and livestock products","484","Mexico","5412","Yield","01251","Carrots and turnips","2021","2021","kg/ha","29360.6","A","Official figure",""
"QCL","Crops and livestock products","484","Mexico","5510","Production","01251","Carrots and turnips","2021","2021","t","344889.84","A","Official figure",""
"QCL","Crops and livestock products","484","Mexico","5412","Yield","01251","Carrots and turnips","2022","2022","kg/ha","30070.8","A","Official figure",""
"QCL","Crops and livestock products","484","Mexico","5510","Production","01251","Carrots and turnips","2022","2022","t","355441.09","A","Official figure",""
"QCL","Crops and livestock products","484","Mexico","5412","Yield","01251","Carrots and turnips","2023","2023","kg/ha","29886.2","A","Official figure",""
"QCL","Crops and livestock products","484","Mexico","5510","Production","01251","Carrots and turnips","2023","2023","t","350452.1","A","Official figure",""
"QCL","Crops and livestock products","484","Mexico","5412","Yield","01372","Cashew nuts, in shell","2020","2020","kg/ha","2587.6","A","Official figure",""
"QCL","Crops and livestock products","484","Mexico","5510","Production","01372","Cashew nuts, in shell","2020","2020","t","4077.27","A","Official figure",""
"QCL","Crops and livestock products","484","Mexico","5412","Yield","01372","Cashew nuts, in shell","2021","2021","kg/ha","2605.9","A","Official figure",""
"QCL","Crops and livestock products","484","Mexico","5510","Production","01372","Cashew nuts, in shell","2021","2021","t","3781.05","A","Official figure",""
"QCL","Crops and livestock products","484","Mexico","5412","Yield","01372","Cashew nuts, in shell","2022","2022","kg/ha","979","A","Official figure",""
"QCL","Crops and livestock products","484","Mexico","5510","Production","01372","Cashew nuts, in shell","2022","2022","t","726.9","A","Official figure",""
"QCL","Crops and livestock products","484","Mexico","5412","Yield","01372","Cashew nuts, in shell","2023","2023","kg/ha","835","A","Official figure",""
"QCL","Crops and livestock products","484","Mexico","5510","Production","01372","Cashew nuts, in shell","2023","2023","t","687.61","A","Official figure",""
"QCL","Crops and livestock products","484","Mexico","5412","Yield","01520.01","Cassava, fresh","2020","2020","kg/ha","12677.7","A","Official figure",""
"QCL","Crops and livestock products","484","Mexico","5510","Production","01520.01","Cassava, fresh","2020","2020","t","26696.48","A","Official figure",""
"QCL","Crops and livestock products","484","Mexico","5412","Yield","01520.01","Cassava, fresh","2021","2021","kg/ha","12872.2","A","Official figure",""
"QCL","Crops and livestock products","484","Mexico","5510","Production","01520.01","Cassava, fresh","2021","2021","t","26730.97","A","Official figure",""
"QCL","Crops and livestock products","484","Mexico","5412","Yield","01520.01","Cassava, fresh","2022","2022","kg/ha","12225.9","A","Official figure",""
"QCL","Crops and livestock products","484","Mexico","5510","Production","01520.01","Cassava, fresh","2022","2022","t","23719.56","A","Official figure",""
"QCL","Crops and livestock products","484","Mexico","5412","Yield","01520.01","Cassava, fresh","2023","2023","kg/ha","12258.1","A","Official figure",""
"QCL","Crops and livestock products","484","Mexico","5510","Production","01520.01","Cassava, fresh","2023","2023","t","23991.48","A","Official figure",""
"QCL","Crops and livestock products","484","Mexico","5412","Yield","01447","Castor oil seeds","2020","2020","kg/ha","3277.1","A","Official figure",""
"QCL","Crops and livestock products","484","Mexico","5510","Production","01447","Castor oil seeds","2020","2020","t","3123.11","A","Official figure",""
"QCL","Crops and livestock products","484","Mexico","5412","Yield","01447","Castor oil seeds","2021","2021","kg/ha","3698.5","A","Official figure",""
"QCL","Crops and livestock products","484","Mexico","5510","Production","01447","Castor oil seeds","2021","2021","t","2587.52","A","Official figure",""
"QCL","Crops and livestock products","484","Mexico","5412","Yield","01447","Castor oil seeds","2022","2022","kg/ha","4017.8","A","Official figure",""
"QCL","Crops and livestock products","484","Mexico","5510","Production","01447","Castor oil seeds","2022","2022","t","297.32","A","Official figure",""
"QCL","Crops and livestock products","484","Mexico","5412","Yield","01447","Castor oil seeds","2023","2023","kg/ha","4079.9","A","Official figure",""
"QCL","Crops and livestock products","484","Mexico","5510","Production","01447","Castor oil seeds","2023","2023","t","301.91","A","Official figure",""
"QCL","Crops and livestock products","484","Mexico","5412","Yield","01213","Cauliflowers and broccoli","2020","2020","kg/ha","17913.6","A","Official figure",""
"QCL","Crops and livestock products","484","Mexico","5510","Production","01213","Cauliflowers and broccoli","2020","2020","t","686788.27","A","Official figure",""
"QCL","Crops and livestock products","484","Mexico","5412","Yield","01213","Cauliflowers and broccoli","2021","2021","kg/ha","18096.8","A","Official figure",""
"QCL","Crops and livestock products","484","Mexico","5510","Production","01213","Cauliflowers and broccoli","2021","2021","t","696406.81","A","Official figure",""
"QCL","Crops and livestock products","484","Mexico","5412","Yield","01213","Cauliflowers and broccoli","2022","2022","kg/ha","18222.1","A","Official figure",""
"QCL","Crops and livestock products","484","Mexico","5510","Production","01213","Cauliflowers and broccoli","2022","2022","t","738027.84","A","Official figure",""
"QCL","Crops and livestock products","484","Mexico","5412","Yield","01213","Cauliflowers and broccoli","2023","2023","kg/ha","18415.9","A","Official figure",""
"QCL","Crops and livestock products","484","Mexico","5510","Production","01213","Cauliflowers and broccoli","2023","2023","t","768353.55","A","Official figure",""
"QCL","Crops and livestock products","484","Mexico","5412","Yield","01199.90","Cereals n.e.c.","2020","2020","kg/ha","1936.4","A","Official figure",""
"QCL","Crops and livestock products","484","Mexico","5510","Production","01199.90","Cereals n.e.c.","2020","2020","t","5625.41","A","Official figure",""
"QCL","Crops and livestock products","484","Mexico","5412","Yield","01199.90","Cereals n.e.c.","2021","2021","kg/ha","1934.1","A","Official figure",""
"QCL","Crops and livestock products","484","Mexico","5510","Production","01199.90","Cereals n.e.c.","2021","2021","t","6177.72","A","Official figure",""
"QCL","Crops and livestock products","484","Mexico","5412","Yield","01199.90","Cereals n.e.c.","2022","2022","kg/ha","1781.4","A","Official figure",""
"QCL","Crops and livestock products","484","Mexico","5510","Production","01199.90","Cereals n.e.c.","2022","2022","t","5720.89","A","Official figure",""
"QCL","Crops and livestock products","484","Mexico","5412","Yield","01199.90","Cereals n.e.c.","2023","2023","kg/ha","1789.9","A","Official figure",""
"QCL","Crops and livestock products","484","Mexico","5510","Production","01199.90","Cereals n.e.c.","2023","2023","t","5996.22","A","Official figure",""
"QCL","Crops and livestock products","484","Mexico","5412","Yield","01344.02","Cherries","2020","2020","kg/ha","2975.9","A","Official figure",""
"QCL","Crops and livestock products","484","Mexico","5510","Production","01344.02","Cherries","2020","2020","t","143.5","A","Official figure",""
"QCL","Crops and livestock products","484","Mexico","5412","Yield","01344.02","Cherries","2021","2021","kg/ha","3009.3","A","Official figure",""
"QCL","Crops and livestock products","484","Mexico","5510","Production","01344.02","Cherries","2021","2021","t","155.7","A","Official figure",""
"QCL","Crops and livestock products","484","Mexico","5412","Yield","01344.02","Cherries","2022","2022","kg/ha","4377.3","A","Official figure",""
"QCL","Crops and livestock products","484","Mexico","5510","Production","01344.02","Cherries","2022","2022","t","144.45","A","Official figure",""
"QCL","Crops and livestock products","484","Mexico","5412","Yield","01344.02","Cherries","2023","2023","kg/ha","3414.7","A","Official figure",""
"QCL","Crops and livestock products","484","Mexico","5510","Production","01344.02","Cherries","2023","2023","t","129.76","A","Official figure",""
"QCL","Crops and livestock products","484","Mexico","5412","Yield","01703","Chick peas, dry","2020","2020","kg/ha","2016.9","A","Official figure",""
"QCL","Crops and livestock products","484","Mexico","5510","Production","01703","Chick peas, dry","2020","2020","t","125822.67","A","Official figure",""
"QCL","Crops and livestock products","484","Mexico","5412","Yield","01703","Chick peas, dry","2021","2021","kg/ha","1870.2","A","Official figure",""
"QCL","Crops and livestock products","484","Mexico","5510","Production","01703","Chick peas, dry","2021","2021","t","171967.76","A","Official figure",""
"QCL","Crops and livestock products","484","Mexico","5412","Yield","01703","Chick peas, dry","2022","2022","kg/ha","1696.9","A","Official figure",""
"QCL","Crops and livestock products","484","Mexico","5510","Production","01703","Chick peas, dry","2022","2022","t","188594.77","A","Official figure",""
"QCL","Crops and livestock products","484","Mexico","5412","Yield","01703","Chick peas, dry","2023","2023","kg/ha","1893.7","A","Official figure",""
"QCL","Crops and livestock products","484","Mexico","5510","Production","01703","Chick peas, dry","2023","2023","t","142683.67","A","Official figure",""
"QCL","Crops and livestock products","484","Mexico","5412","Yield","01652","Chillies and peppers, dry (Capsicum spp., Pimenta spp.), raw","2020","2020","kg/ha","1953.9","E","Estimated value",""
"QCL","Crops and livestock products","484","Mexico","5510","Production","01652","Chillies and peppers, dry (Capsicum spp., Pimenta spp.), raw","2020","2020","t","61003.57","I","Imputed value",""
"QCL","Crops and livestock products","484","Mexico","5412","Yield","01652","Chillies and peppers, dry (Capsicum spp., Pimenta spp.), raw","2021","2021","kg/ha","1969.5","E","Estimated value",""
"QCL","Crops and livestock products","484","Mexico","5510","Production","01652","Chillies and peppers, dry (Capsicum spp., Pimenta spp.), raw","2021","2021","t","60809.47","I","Imputed value",""
"QCL","Crops and livestock products","484","Mexico","5412","Yield","01652","Chillies and peppers, dry (Capsicum spp., Pimenta spp.), raw","2022","2022","kg/ha","1986.3","E","Estimated value",""
"QCL","Crops and livestock products","484","Mexico","5510","Production","01652","Chillies and peppers, dry (Capsicum spp., Pimenta spp.), raw","2022","2022","t","60949.97","I","Imputed value",""
"QCL","Crops and livestock products","484","Mexico","5412","Yield","01652","Chillies and peppers, dry (Capsicum spp., Pimenta spp.), raw","2023","2023","kg/ha","2003.1","E","Estimated value",""
"QCL","Crops and livestock products","484","Mexico","5510","Production","01652","Chillies and peppers, dry (Capsicum spp., Pimenta spp.), raw","2023","2023","t","61090.47","I","Imputed value",""
"QCL","Crops and livestock products","484","Mexico","5412","Yield","01231","Chillies and peppers, green (Capsicum spp. and Pimenta spp.)","2020","2020","kg/ha","17848.3","A","Official figure",""
"QCL","Crops and livestock products","484","Mexico","5510","Production","01231","Chillies and peppers, green (Capsicum spp. and Pimenta spp.)","2020","2020","t","2818442.96","A","Official figure",""
"QCL","Crops and livestock products","484","Mexico","5412","Yield","01231","Chillies and peppers, green (Capsicum spp. and Pimenta spp.)","2021","2021","kg/ha","17483.1","A","Official figure",""
"QCL","Crops and livestock products","484","Mexico","5510","Production","01231","Chillies and peppers, green (Capsicum spp. and Pimenta spp.)","2021","2021","t","2584143.6","A","Official figure",""
"QCL","Crops and livestock products","484","Mexico","5412","Yield","01231","Chillies and peppers, green (Capsicum spp. and Pimenta spp.)","2022","2022","kg/ha","16421.2","A","Official figure",""
"QCL","Crops and livestock products","484","Mexico","5510","Production","01231","Chillies and peppers, green (Capsicum spp. and Pimenta spp.)","2022","2022","t","2577010.05","A","Official figure",""
"QCL","Crops and livestock products","484","Mexico","5412","Yield","01231","Chillies and peppers, green (Capsicum spp. and Pimenta spp.)","2023","2023","kg/ha","21261.3","A","Official figure",""
"QCL","Crops and livestock products","484","Mexico","5510","Production","01231","Chillies and peppers, green (Capsicum spp. and Pimenta spp.)","2023","2023","t","3681061.47","A","Official figure",""
"QCL","Crops and livestock products","484","Mexico","5510","Production","01656","Cloves (whole stems), raw","2020","2020","t","","M","Missing value (data cannot exist, not applicable)",""
"QCL","Crops and livestock products","484","Mexico","5510","Production","01656","Cloves (whole stems), raw","2021","2021","t","","M","Missing value (data cannot exist, not applicable)",""
"QCL","Crops and livestock products","484","Mexico","5510","Production","01656","Cloves (whole stems), raw","2022","2022","t","","M","Missing value (data cannot exist, not applicable)",""
"QCL","Crops and livestock products","484","Mexico","5510","Production","01656","Cloves (whole stems), raw","2023","2023","t","","M","Missing value (data cannot exist, not applicable)",""
"QCL","Crops and livestock products","484","Mexico","5412","Yield","01640","Cocoa beans","2020","2020","kg/ha","502.2","A","Official figure",""
"QCL","Crops and livestock products","484","Mexico","5510","Production","01640","Cocoa beans","2020","2020","t","29428.77","A","Official figure",""
"QCL","Crops and livestock products","484","Mexico","5412","Yield","01640","Cocoa beans","2021","2021","kg/ha","541","A","Official figure",""
"QCL","Crops and livestock products","484","Mexico","5510","Production","01640","Cocoa beans","2021","2021","t","28105.84","A","Official figure",""
"QCL","Crops and livestock products","484","Mexico","5412","Yield","01640","Cocoa beans","2022","2022","kg/ha","540.2","A","Official figure",""
"QCL","Crops and livestock products","484","Mexico","5510","Production","01640","Cocoa beans","2022","2022","t","28119.83","A","Official figure",""
"QCL","Crops and livestock products","484","Mexico","5412","Yield","01640","Cocoa beans","2023","2023","kg/ha","556.1","A","Official figure",""
"QCL","Crops and livestock products","484","Mexico","5510","Production","01640","Cocoa beans","2023","2023","t","29047.4","A","Official figure",""
"QCL","Crops and livestock products","484","Mexico","5412","Yield","01460","Coconuts, in shell","2020","2020","kg/ha","8658.7","E","Estimated value",""
"QCL","Crops and livestock products","484","Mexico","5510","Production","01460","Coconuts, in shell","2020","2020","t","1074400","X","Figure from international organizations","Unofficial figure"
"QCL","Crops and livestock products","484","Mexico","5412","Yield","01460","Coconuts, in shell","2021","2021","kg/ha","8659.6","E","Estimated value",""
"QCL","Crops and livestock products","484","Mexico","5510","Production","01460","Coconuts, in shell","2021","2021","t","1074400","X","Figure from international organizations","Unofficial figure"
"QCL","Crops and livestock products","484","Mexico","5412","Yield","01460","Coconuts, in shell","2022","2022","kg/ha","8974.2","E","Estimated value",""
"QCL","Crops and livestock products","484","Mexico","5510","Production","01460","Coconuts, in shell","2022","2022","t","1120000","X","Figure from international organizations","Unofficial figure"
"QCL","Crops and livestock products","484","Mexico","5412","Yield","01460","Coconuts, in shell","2023","2023","kg/ha","9129.4","E","Estimated value",""
"QCL","Crops and livestock products","484","Mexico","5510","Production","01460","Coconuts, in shell","2023","2023","t","1144984.97","I","Imputed value",""
"QCL","Crops and livestock products","484","Mexico","5412","Yield","01610","Coffee, green","2020","2020","kg/ha","276","A","Official figure",""
"QCL","Crops and livestock products","484","Mexico","5510","Production","01610","Coffee, green","2020","2020","t","175554.62","A","Official figure",""
"QCL","Crops and livestock products","484","Mexico","5412","Yield","01610","Coffee, green","2021","2021","kg/ha","271.6","A","Official figure",""
"QCL","Crops and livestock products","484","Mexico","5510","Production","01610","Coffee, green","2021","2021","t","174341.4","A","Official figure",""
"QCL","Crops and livestock products","484","Mexico","5412","Yield","01610","Coffee, green","2022","2022","kg/ha","291","A","Official figure",""
"QCL","Crops and livestock products","484","Mexico","5510","Production","01610","Coffee, green","2022","2022","t","188689.12","A","Official figure",""
"QCL","Crops and livestock products","484","Mexico","5412","Yield","01610","Coffee, green","2023","2023","kg/ha","297.7","A","Official figure",""
"QCL","Crops and livestock products","484","Mexico","5510","Production","01610","Coffee, green","2023","2023","t","194916.12","A","Official figure",""
"QCL","Crops and livestock products","484","Mexico","5412","Yield","01232","Cucumbers and gherkins","2020","2020","kg/ha","73682.6","A","Official figure",""
"QCL","Crops and livestock products","484","Mexico","5510","Production","01232","Cucumbers and gherkins","2020","2020","t","1159933.69","A","Official figure",""
"QCL","Crops and livestock products","484","Mexico","5412","Yield","01232","Cucumbers and gherkins","2021","2021","kg/ha","57396.1","A","Official figure",""
"QCL","Crops and livestock products","484","Mexico","5510","Production","01232","Cucumbers and gherkins","2021","2021","t","1038998.86","A","Official figure",""
"QCL","Crops and livestock products","484","Mexico","5412","Yield","01232","Cucumbers and gherkins","2022","2022","kg/ha","54805.1","A","Official figure",""
"QCL","Crops and livestock products","484","Mexico","5510","Production","01232","Cucumbers and gherkins","2022","2022","t","1028567.57","A","Official figure",""
"QCL","Crops and livestock products","484","Mexico","5412","Yield","01232","Cucumbers and gherkins","2023","2023","kg/ha","54053.9","A","Official figure",""
"QCL","Crops and livestock products","484","Mexico","5510","Production","01232","Cucumbers and gherkins","2023","2023","t","1036716.82","A","Official figure",""
"QCL","Crops and livestock products","484","Mexico","5412","Yield","01314","Dates","2020","2020","kg/ha","6592.8","A","Official figure",""
"QCL","Crops and livestock products","484","Mexico","5510","Production","01314","Dates","2020","2020","t","19863.26","A","Official figure",""
"QCL","Crops and livestock products","484","Mexico","5412","Yield","01314","Dates","2021","2021","kg/ha","6635.1","A","Official figure",""
"QCL","Crops and livestock products","484","Mexico","5510","Production","01314","Dates","2021","2021","t","19244","A","Official figure",""
"QCL","Crops and livestock products","484","Mexico","5412","Yield","01314","Dates","2022","2022","kg/ha","7924.8","A","Official figure",""
"QCL","Crops and livestock products","484","Mexico","5510","Production","01314","Dates","2022","2022","t","19465.02","A","Official figure",""
"QCL","Crops and livestock products","484","Mexico","5412","Yield","01314","Dates","2023","2023","kg/ha","6998.7","A","Official figure",""
"QCL","Crops and livestock products","484","Mexico","5510","Production","01314","Dates","2023","2023","t","16962.18","A","Official figure",""
"QCL","Crops and livestock products","484","Mexico","5412","Yield","01599.10","Edible roots and tubers with high starch or inulin content, n.e.c., fresh","2020","2020","kg/ha","27644","E","Estimated value",""
"QCL","Crops and livestock products","484","Mexico","5510","Production","01599.10","Edible roots and tubers with high starch or inulin content, n.e.c., fresh","2020","2020","t","229453.59","I","Imputed value",""
"QCL","Crops and livestock products","484","Mexico","5412","Yield","01599.10","Edible roots and tubers with high starch or inulin content, n.e.c., fresh","2021","2021","kg/ha","28106.1","E","Estimated value",""
"QCL","Crops and livestock products","484","Mexico","5510","Production","01599.10","Edible roots and tubers with high starch or inulin content, n.e.c., fresh","2021","2021","t","236016.43","I","Imputed value",""
"QCL","Crops and livestock products","484","Mexico","5412","Yield","01599.10","Edible roots and tubers with high starch or inulin content, n.e.c., fresh","2022","2022","kg/ha","28174.9","E","Estimated value",""
"QCL","Crops and livestock products","484","Mexico","5510","Production","01599.10","Edible roots and tubers with high starch or inulin content, n.e.c., fresh","2022","2022","t","236568.77","I","Imputed value",""
"QCL","Crops and livestock products","484","Mexico","5412","Yield","01599.10","Edible roots and tubers with high starch or inulin content, n.e.c., fresh","2023","2023","kg/ha","28181.7","E","Estimated value",""
"QCL","Crops and livestock products","484","Mexico","5510","Production","01599.10","Edible roots and tubers with high starch or inulin content, n.e.c., fresh","2023","2023","t","240563.69","I","Imputed value",""
"QCL","Crops and livestock products","484","Mexico","5412","Yield","01233","Eggplants (aubergines)","2020","2020","kg/ha","66668.6","A","Official figure",""
"QCL","Crops and livestock products","484","Mexico","5510","Production","01233","Eggplants (aubergines)","2020","2020","t","112195.23","A","Official figure",""
"QCL","Crops and livestock products","484","Mexico","5412","Yield","01233","Eggplants (aubergines)","2021","2021","kg/ha","78589.5","A","Official figure",""
"QCL","Crops and livestock products","484","Mexico","5510","Production","01233","Eggplants (aubergines)","2021","2021","t","125531.05","A","Official figure",""
"QCL","Crops and livestock products","484","Mexico","5412","Yield","01233","Eggplants (aubergines)","2022","2022","kg/ha","57040.5","A","Official figure",""
"QCL","Crops and livestock products","484","Mexico","5510","Production","01233","Eggplants (aubergines)","2022","2022","t","107050.69","A","Official figure",""
"QCL","Crops and livestock products","484","Mexico","5412","Yield","01233","Eggplants (aubergines)","2023","2023","kg/ha","52889","A","Official figure",""
"QCL","Crops and livestock products","484","Mexico","5510","Production","01233","Eggplants (aubergines)","2023","2023","t","90457.19","A","Official figure",""
"QCL","Crops and livestock products","484","Mexico","5412","Yield","01315","Figs","2020","2020","kg/ha","6517.4","A","Official figure",""
"QCL","Crops and livestock products","484","Mexico","5510","Production","01315","Figs","2020","2020","t","12009.74","A","Official figure",""
"QCL","Crops and livestock products","484","Mexico","5412","Yield","01315","Figs","2021","2021","kg/ha","6577","A","Official figure",""
"QCL","Crops and livestock products","484","Mexico","5510","Production","01315","Figs","2021","2021","t","11896.31","A","Official figure",""
"QCL","Crops and livestock products","484","Mexico","5412","Yield","01315","Figs","2022","2022","kg/ha","6733.7","A","Official figure",""
"QCL","Crops and livestock products","484","Mexico","5510","Production","01315","Figs","2022","2022","t","11504.98","A","Official figure",""
"QCL","Crops and livestock products","484","Mexico","5412","Yield","01315","Figs","2023","2023","kg/ha","6489.1","A","Official figure",""
"QCL","Crops and livestock products","484","Mexico","5510","Production","01315","Figs","2023","2023","t","12489.34","A","Official figure",""
"QCL","Crops and livestock products","484","Mexico","5412","Yield","01657","Ginger, raw","2020","2020","kg/ha","9039.9","A","Official figure",""
"QCL","Crops and livestock products","484","Mexico","5510","Production","01657","Ginger, raw","2020","2020","t","4404.71","A","Official figure",""
"QCL","Crops and livestock products","484","Mexico","5412","Yield","01657","Ginger, raw","2021","2021","kg/ha","9301.1","A","Official figure",""
"QCL","Crops and livestock products","484","Mexico","5510","Production","01657","Ginger, raw","2021","2021","t","4444.33","A","Official figure",""
"QCL","Crops and livestock products","484","Mexico","5412","Yield","01657","Ginger, raw","2022","2022","kg/ha","10362.3","A","Official figure",""
"QCL","Crops and livestock products","484","Mexico","5510","Production","01657","Ginger, raw","2022","2022","t","3017.5","A","Official figure",""
"QCL","Crops and livestock products","484","Mexico","5412","Yield","01657","Ginger, raw","2023","2023","kg/ha","11366.2","A","Official figure",""
"QCL","Crops and livestock products","484","Mexico","5510","Production","01657","Ginger, raw","2023","2023","t","2705.15","A","Official figure",""
"QCL","Crops and livestock products","484","Mexico","5412","Yield","01330","Grapes","2020","2020","kg/ha","13800.6","A","Official figure",""
"QCL","Crops and livestock products","484","Mexico","5510","Production","01330","Grapes","2020","2020","t","453520.13","A","Official figure",""
"QCL","Crops and livestock products","484","Mexico","5412","Yield","01330","Grapes","2021","2021","kg/ha","14128.7","A","Official figure",""
"QCL","Crops and livestock products","484","Mexico","5510","Production","01330","Grapes","2021","2021","t","433984.79","A","Official figure",""
"QCL","Crops and livestock products","484","Mexico","5412","Yield","01330","Grapes","2022","2022","kg/ha","14611.3","A","Official figure",""
"QCL","Crops and livestock products","484","Mexico","5510","Production","01330","Grapes","2022","2022","t","459092.35","A","Official figure",""
"QCL","Crops and livestock products","484","Mexico","5412","Yield","01330","Grapes","2023","2023","kg/ha","13502.6","A","Official figure",""
"QCL","Crops and livestock products","484","Mexico","5510","Production","01330","Grapes","2023","2023","t","481128.87","A","Official figure",""
"QCL","Crops and livestock products","484","Mexico","5412","Yield","01290.01","Green corn (maize)","2020","2020","kg/ha","14598.3","A","Official figure",""
"QCL","Crops and livestock products","484","Mexico","5510","Production","01290.01","Green corn (maize)","2020","2020","t","1012442.05","A","Official figure",""
"QCL","Crops and livestock products","484","Mexico","5412","Yield","01290.01","Green corn (maize)","2021","2021","kg/ha","15365.6","A","Official figure",""
"QCL","Crops and livestock products","484","Mexico","5510","Production","01290.01","Green corn (maize)","2021","2021","t","1059259.87","A","Official figure",""
"QCL","Crops and livestock products","484","Mexico","5412","Yield","01290.01","Green corn (maize)","2022","2022","kg/ha","15551.6","A","Official figure",""
"QCL","Crops and livestock products","484","Mexico","5510","Production","01290.01","Green corn (maize)","2022","2022","t","1118759.08","A","Official figure",""
"QCL","Crops and livestock products","484","Mexico","5412","Yield","01290.01","Green corn (maize)","2023","2023","kg/ha","15253.2","A","Official figure",""
"QCL","Crops and livestock products","484","Mexico","5510","Production","01290.01","Green corn (maize)","2023","2023","t","1147581","A","Official figure",""
"QCL","Crops and livestock products","484","Mexico","5412","Yield","01252","Green garlic","2020","2020","kg/ha","12780.4","A","Official figure",""
"QCL","Crops and livestock products","484","Mexico","5510","Production","01252","Green garlic","2020","2020","t","86688.13","A","Official figure",""
"QCL","Crops and livestock products","484","Mexico","5412","Yield","01252","Green garlic","2021","2021","kg/ha","12667.3","A","Official figure",""
"QCL","Crops and livestock products","484","Mexico","5510","Production","01252","Green garlic","2021","2021","t","89791.65","A","Official figure",""
"QCL","Crops and livestock products","484","Mexico","5412","Yield","01252","Green garlic","2022","2022","kg/ha","12872.7","A","Official figure",""
"QCL","Crops and livestock products","484","Mexico","5510","Production","01252","Green garlic","2022","2022","t","94428.47","A","Official figure",""
"QCL","Crops and livestock products","484","Mexico","5412","Yield","01252","Green garlic","2023","2023","kg/ha","12777.8","A","Official figure",""
"QCL","Crops and livestock products","484","Mexico","5510","Production","01252","Green garlic","2023","2023","t","110110.14","A","Official figure",""
"QCL","Crops and livestock products","484","Mexico","5412","Yield","0142","Groundnuts, excluding shelled","2020","2020","kg/ha","1698.2","A","Official figure",""
"QCL","Crops and livestock products","484","Mexico","5510","Production","0142","Groundnuts, excluding shelled","2020","2020","t","101251.07","A","Official figure",""
"QCL","Crops and livestock products","484","Mexico","5412","Yield","0142","Groundnuts, excluding shelled","2021","2021","kg/ha","1701.4","A","Official figure",""
"QCL","Crops and livestock products","484","Mexico","5510","Production","0142","Groundnuts, excluding shelled","2021","2021","t","102778.84","A","Official figure",""
"QCL","Crops and livestock products","484","Mexico","5412","Yield","0142","Groundnuts, excluding shelled","2022","2022","kg/ha","1760.6","A","Official figure",""
"QCL","Crops and livestock products","484","Mexico","5510","Production","0142","Groundnuts, excluding shelled","2022","2022","t","86165.09","A","Official figure",""
"QCL","Crops and livestock products","484","Mexico","5412","Yield","0142","Groundnuts, excluding shelled","2023","2023","kg/ha","1998.8","A","Official figure",""
"QCL","Crops and livestock products","484","Mexico","5510","Production","0142","Groundnuts, excluding shelled","2023","2023","t","91208.62","A","Official figure",""
"QCL","Crops and livestock products","484","Mexico","5412","Yield","01499.03","Jojoba seeds","2020","2020","kg/ha","475.4","E","Estimated value",""
"QCL","Crops and livestock products","484","Mexico","5510","Production","01499.03","Jojoba seeds","2020","2020","t","145.7","I","Imputed value",""
"QCL","Crops and livestock products","484","Mexico","5412","Yield","01499.03","Jojoba seeds","2021","2021","kg/ha","479","E","Estimated value",""
"QCL","Crops and livestock products","484","Mexico","5510","Production","01499.03","Jojoba seeds","2021","2021","t","147.17","I","Imputed value",""
"QCL","Crops and livestock products","484","Mexico","5412","Yield","01499.03","Jojoba seeds","2022","2022","kg/ha","476.1","E","Estimated value",""
"QCL","Crops and livestock products","484","Mexico","5510","Production","01499.03","Jojoba seeds","2022","2022","t","145.77","I","Imputed value",""
"QCL","Crops and livestock products","484","Mexico","5412","Yield","01499.03","Jojoba seeds","2023","2023","kg/ha","470.8","E","Estimated value",""
"QCL","Crops and livestock products","484","Mexico","5510","Production","01499.03","Jojoba seeds","2023","2023","t","144.36","I","Imputed value",""
"QCL","Crops and livestock products","484","Mexico","5412","Yield","01254","Leeks and other alliaceous vegetables","2020","2020","kg/ha","17051.8","E","Estimated value",""
"QCL","Crops and livestock products","484","Mexico","5510","Production","01254","Leeks and other alliaceous vegetables","2020","2020","t","13173.56","I","Imputed value",""
"QCL","Crops and livestock products","484","Mexico","5412","Yield","01254","Leeks and other alliaceous vegetables","2021","2021","kg/ha","16798.8","E","Estimated value",""
"QCL","Crops and livestock products","484","Mexico","5510","Production","01254","Leeks and other alliaceous vegetables","2021","2021","t","15000","E","Estimated value",""
"QCL","Crops and livestock products","484","Mexico","5412","Yield","01254","Leeks and other alliaceous vegetables","2022","2022","kg/ha","16878.4","E","Estimated value",""
"QCL","Crops and livestock products","484","Mexico","5510","Production","01254","Leeks and other alliaceous vegetables","2022","2022","t","14718.42","I","Imputed value",""
"QCL","Crops and livestock products","484","Mexico","5412","Yield","01254","Leeks and other alliaceous vegetables","2023","2023","kg/ha","16945.4","E","Estimated value",""
"QCL","Crops and livestock products","484","Mexico","5510","Production","01254","Leeks and other alliaceous vegetables","2023","2023","t","13927.19","I","Imputed value",""
"QCL","Crops and livestock products","484","Mexico","5412","Yield","01322","Lemons and limes","2020","2020","kg/ha","15356.4","A","Official figure",""
"QCL","Crops and livestock products","484","Mexico","5510","Production","01322","Lemons and limes","2020","2020","t","2879023.27","A","Official figure",""
"QCL","Crops and livestock products","484","Mexico","5412","Yield","01322","Lemons and limes","2021","2021","kg/ha","15253.2","A","Official figure",""
"QCL","Crops and livestock products","484","Mexico","5510","Production","01322","Lemons and limes","2021","2021","t","2983802.19","A","Official figure",""
"QCL","Crops and livestock products","484","Mexico","5412","Yield","01322","Lemons and limes","2022","2022","kg/ha","15413.2","A","Official figure",""
"QCL","Crops and livestock products","484","Mexico","5510","Production","01322","Lemons and limes","2022","2022","t","3110321.12","A","Official figure",""
"QCL","Crops and livestock products","484","Mexico","5412","Yield","01322","Lemons and limes","2023","2023","kg/ha","15418.5","A","Official figure",""
"QCL","Crops and livestock products","484","Mexico","5510","Production","01322","Lemons and limes","2023","2023","t","3249216.79","A","Official figure",""
"QCL","Crops and livestock products","484","Mexico","5412","Yield","01704","Lentils, dry","2020","2020","kg/ha","1085.7","A","Official figure",""
"QCL","Crops and livestock products","484","Mexico","5510","Production","01704","Lentils, dry","2020","2020","t","10089.58","A","Official figure",""
"QCL","Crops and livestock products","484","Mexico","5412","Yield","01704","Lentils, dry","2021","2021","kg/ha","1116","A","Official figure",""
"QCL","Crops and livestock products","484","Mexico","5510","Production","01704","Lentils, dry","2021","2021","t","10113.15","A","Official figure",""
"QCL","Crops and livestock products","484","Mexico","5412","Yield","01704","Lentils, dry","2022","2022","kg/ha","1483.8","A","Official figure",""
"QCL","Crops and livestock products","484","Mexico","5510","Production","01704","Lentils, dry","2022","2022","t","11018.65","A","Official figure",""
"QCL","Crops and livestock products","484","Mexico","5412","Yield","01704","Lentils, dry","2023","2023","kg/ha","1119","A","Official figure",""
"QCL","Crops and livestock products","484","Mexico","5510","Production","01704","Lentils, dry","2023","2023","t","8408.25","A","Official figure",""
"QCL","Crops and livestock products","484","Mexico","5412","Yield","01214","Lettuce and chicory","2020","2020","kg/ha","24329","A","Official figure",""
"QCL","Crops and livestock products","484","Mexico","5510","Production","01214","Lettuce and chicory","2020","2020","t","541804.38","A","Official figure",""
"QCL","Crops and livestock products","484","Mexico","5412","Yield","01214","Lettuce and chicory","2021","2021","kg/ha","23783.6","A","Official figure",""
"QCL","Crops and livestock products","484","Mexico","5510","Production","01214","Lettuce and chicory","2021","2021","t","509084.12","A","Official figure",""
"QCL","Crops and livestock products","484","Mexico","5412","Yield","01214","Lettuce and chicory","2022","2022","kg/ha","24590.9","A","Official figure",""
"QCL","Crops and livestock products","484","Mexico","5510","Production","01214","Lettuce and chicory","2022","2022","t","569809.71","A","Official figure",""
"QCL","Crops and livestock products","484","Mexico","5412","Yield","01214","Lettuce and chicory","2023","2023","kg/ha","24206.1","A","Official figure",""
"QCL","Crops and livestock products","484","Mexico","5510","Production","01214","Lettuce and chicory","2023","2023","t","552940.26","A","Official figure",""
"QCL","Crops and livestock products","484","Mexico","5412","Yield","01441","Linseed","2020","2020","kg/ha","782.9","A","Official figure",""
"QCL","Crops and livestock products","484","Mexico","5510","Production","01441","Linseed","2020","2020","t","6.42","A","Official figure",""
"QCL","Crops and livestock products","484","Mexico","5412","Yield","01441","Linseed","2021","2021","kg/ha","771.9","A","Official figure",""
"QCL","Crops and livestock products","484","Mexico","5510","Production","01441","Linseed","2021","2021","t","6.26","A","Official figure",""
"QCL","Crops and livestock products","484","Mexico","5412","Yield","01441","Linseed","2022","2022","kg/ha","727","A","Official figure",""
"QCL","Crops and livestock products","484","Mexico","5510","Production","01441","Linseed","2022","2022","t","7.27","A","Official figure",""
"QCL","Crops and livestock products","484","Mexico","5412","Yield","01441","Linseed","2023","2023","kg/ha","819.5","A","Official figure",""
"QCL","Crops and livestock products","484","Mexico","5510","Production","01441","Linseed","2023","2023","t","15.57","A","Official figure",""
"QCL","Crops and livestock products","484","Mexico","5412","Yield","01356","Locust beans (carobs)","2020","2020","kg/ha","3901.9","A","Official figure",""
"QCL","Crops and livestock products","484","Mexico","5510","Production","01356","Locust beans (carobs)","2020","2020","t","332.64","A","Official figure",""
"QCL","Crops and livestock products","484","Mexico","5412","Yield","01356","Locust beans (carobs)","2021","2021","kg/ha","3919.2","A","Official figure",""
"QCL","Crops and livestock products","484","Mexico","5510","Production","01356","Locust beans (carobs)","2021","2021","t","311.93","A","Official figure",""
"QCL","Crops and livestock products","484","Mexico","5412","Yield","01356","Locust beans (carobs)","2022","2022","kg/ha","4208.7","A","Official figure",""
"QCL","Crops and livestock products","484","Mexico","5510","Production","01356","Locust beans (carobs)","2022","2022","t","427.6","A","Official figure",""
"QCL","Crops and livestock products","484","Mexico","5412","Yield","01356","Locust beans (carobs)","2023","2023","kg/ha","3184.6","A","Official figure",""
"QCL","Crops and livestock products","484","Mexico","5510","Production","01356","Locust beans (carobs)","2023","2023","t","248.4","A","Official figure",""
"QCL","Crops and livestock products","484","Mexico","5412","Yield","0112","Maize (corn)","2020","2020","kg/ha","3832.2","A","Official figure",""
"QCL","Crops and livestock products","484","Mexico","5510","Production","0112","Maize (corn)","2020","2020","t","27424527.55","A","Official figure",""
"QCL","Crops and livestock products","484","Mexico","5412","Yield","0112","Maize (corn)","2021","2021","kg/ha","3852.2","A","Official figure",""
"QCL","Crops and livestock products","484","Mexico","5510","Production","0112","Maize (corn)","2021","2021","t","27503477.82","A","Official figure",""
"QCL","Crops and livestock products","484","Mexico","5412","Yield","0112","Maize (corn)","2022","2022","kg/ha","3899.7","A","Official figure",""
"QCL","Crops and livestock products","484","Mexico","5510","Production","0112","Maize (corn)","2022","2022","t","26553239.3","A","Official figure",""
"QCL","Crops and livestock products","484","Mexico","5412","Yield","0112","Maize (corn)","2023","2023","kg/ha","4280.5","A","Official figure",""
"QCL","Crops and livestock products","484","Mexico","5510","Production","0112","Maize (corn)","2023","2023","t","27549917.53","A","Official figure",""
"QCL","Crops and livestock products","484","Mexico","5412","Yield","01316","Mangoes, guavas and mangosteens","2020","2020","kg/ha","11108.3","A","Official figure",""
"QCL","Crops and livestock products","484","Mexico","5510","Production","01316","Mangoes, guavas and mangosteens","2020","2020","t","2373111.22","A","Official figure",""
"QCL","Crops and livestock products","484","Mexico","5412","Yield","01316","Mangoes, guavas and mangosteens","2021","2021","kg/ha","11324.6","A","Official figure",""
"QCL","Crops and livestock products","484","Mexico","5510","Production","01316","Mangoes, guavas and mangosteens","2021","2021","t","2441495.85","A","Official figure",""
"QCL","Crops and livestock products","484","Mexico","5412","Yield","01316","Mangoes, guavas and mangosteens","2022","2022","kg/ha","11228.5","A","Official figure",""
"QCL","Crops and livestock products","484","Mexico","5510","Production","01316","Mangoes, guavas and mangosteens","2022","2022","t","2497207.93","A","Official figure",""
"QCL","Crops and livestock products","484","Mexico","5412","Yield","01316","Mangoes, guavas and mangosteens","2023","2023","kg/ha","11448.4","A","Official figure",""
"QCL","Crops and livestock products","484","Mexico","5510","Production","01316","Mangoes, guavas and mangosteens","2023","2023","t","2706107.45","A","Official figure",""
"QCL","Crops and livestock products","484","Mexico","5412","Yield","01449.01","Melonseed","2020","2020","kg/ha","384.8","E","Estimated value",""
"QCL","Crops and livestock products","484","Mexico","5510","Production","01449.01","Melonseed","2020","2020","t","9.43","I","Imputed value",""
"QCL","Crops and livestock products","484","Mexico","5412","Yield","01449.01","Melonseed","2021","2021","kg/ha","390.5","E","Estimated value",""
"QCL","Crops and livestock products","484","Mexico","5510","Production","01449.01","Melonseed","2021","2021","t","9.61","I","Imputed value",""
"QCL","Crops and livestock products","484","Mexico","5412","Yield","01449.01","Melonseed","2022","2022","kg/ha","390.5","E","Estimated value",""
"QCL","Crops and livestock products","484","Mexico","5510","Production","01449.01","Melonseed","2022","2022","t","9.62","I","Imputed value",""
"QCL","Crops and livestock products","484","Mexico","5412","Yield","01449.01","Melonseed","2023","2023","kg/ha","391.9","E","Estimated value",""
"QCL","Crops and livestock products","484","Mexico","5510","Production","01449.01","Melonseed","2023","2023","t","9.63","I","Imputed value",""
"QCL","Crops and livestock products","484","Mexico","5412","Yield","0118","Millet","2020","2020","kg/ha","14646.7","A","Official figure",""
"QCL","Crops and livestock products","484","Mexico","5510","Production","0118","Millet","2020","2020","t","279.02","A","Official figure",""
"QCL","Crops and livestock products","484","Mexico","5412","Yield","0118","Millet","2021","2021","kg/ha","14765","A","Official figure",""
"QCL","Crops and livestock products","484","Mexico","5510","Production","0118","Millet","2021","2021","t","275.81","A","Official figure",""
"QCL","Crops and livestock products","484","Mexico","5412","Yield","0118","Millet","2022","2022","kg/ha","13428.6","A","Official figure",""
"QCL","Crops and livestock products","484","Mexico","5510","Production","0118","Millet","2022","2022","t","94","A","Official figure",""
"QCL","Crops and livestock products","484","Mexico","5412","Yield","0118","Millet","2023","2023","kg/ha","12758.6","A","Official figure",""
"QCL","Crops and livestock products","484","Mexico","5510","Production","0118","Millet","2023","2023","t","89.31","A","Official figure",""
"QCL","Crops and livestock products","484","Mexico","5510","Production","01442","Mustard seed","2020","2020","t","0","A","Official figure",""
"QCL","Crops and livestock products","484","Mexico","5510","Production","01442","Mustard seed","2021","2021","t","0","A","Official figure",""
"QCL","Crops and livestock products","484","Mexico","5510","Production","01442","Mustard seed","2022","2022","t","0","A","Official figure",""
"QCL","Crops and livestock products","484","Mexico","5510","Production","01442","Mustard seed","2023","2023","t","0","A","Official figure",""
"QCL","Crops and livestock products","484","Mexico","5412","Yield","01950.01","Natural rubber in primary forms","2020","2020","kg/ha","2806.2","A","Official figure",""
"QCL","Crops and livestock products","484","Mexico","5510","Production","01950.01","Natural rubber in primary forms","2020","2020","t","92710.52","A","Official figure",""
"QCL","Crops and livestock products","484","Mexico","5412","Yield","01950.01","Natural rubber in primary forms","2021","2021","kg/ha","2890.2","A","Official figure",""
"QCL","Crops and livestock products","484","Mexico","5510","Production","01950.01","Natural rubber in primary forms","2021","2021","t","95797.53","A","Official figure",""
"QCL","Crops and livestock products","484","Mexico","5412","Yield","01950.01","Natural rubber in primary forms","2022","2022","kg/ha","3229","A","Official figure",""
"QCL","Crops and livestock products","484","Mexico","5510","Production","01950.01","Natural rubber in primary forms","2022","2022","t","89323.36","A","Official figure",""
"QCL","Crops and livestock products","484","Mexico","5412","Yield","01950.01","Natural rubber in primary forms","2023","2023","kg/ha","3215.9","A","Official figure",""
"QCL","Crops and livestock products","484","Mexico","5510","Production","01950.01","Natural rubber in primary forms","2023","2023","t","90713.36","A","Official figure",""
"QCL","Crops and livestock products","484","Mexico","5412","Yield","0117","Oats","2020","2020","kg/ha","2248.9","A","Official figure",""
"QCL","Crops and livestock products","484","Mexico","5510","Production","0117","Oats","2020","2020","t","69016.31","A","Official figure",""
"QCL","Crops and livestock products","484","Mexico","5412","Yield","0117","Oats","2021","2021","kg/ha","2052.7","A","Official figure",""
"QCL","Crops and livestock products","484","Mexico","5510","Production","0117","Oats","2021","2021","t","101069.42","A","Official figure",""
"QCL","Crops and livestock products","484","Mexico","5412","Yield","0117","Oats","2022","2022","kg/ha","2139.4","A","Official figure",""
"QCL","Crops and livestock products","484","Mexico","5510","Production","0117","Oats","2022","2022","t","106439.77","A","Official figure",""
"QCL","Crops and livestock products","484","Mexico","5412","Yield","0117","Oats","2023","2023","kg/ha","2426.3","A","Official figure",""
"QCL","Crops and livestock products","484","Mexico","5510","Production","0117","Oats","2023","2023","t","61785.28","A","Official figure",""
"QCL","Crops and livestock products","484","Mexico","5412","Yield","01491.01","Oil palm fruit","2020","2020","kg/ha","13670.2","A","Official figure",""
"QCL","Crops and livestock products","484","Mexico","5510","Production","01491.01","Oil palm fruit","2020","2020","t","1571230.97","A","Official figure",""
"QCL","Crops and livestock products","484","Mexico","5412","Yield","01491.01","Oil palm fruit","2021","2021","kg/ha","13889.2","A","Official figure",""
"QCL","Crops and livestock products","484","Mexico","5510","Production","01491.01","Oil palm fruit","2021","2021","t","1600558.76","A","Official figure",""
"QCL","Crops and livestock products","484","Mexico","5412","Yield","01491.01","Oil palm fruit","2022","2022","kg/ha","17519.1","A","Official figure",""
"QCL","Crops and livestock products","484","Mexico","5510","Production","01491.01","Oil palm fruit","2022","2022","t","1719177.75","A","Official figure",""
"QCL","Crops and livestock products","484","Mexico","5412","Yield","01491.01","Oil palm fruit","2023","2023","kg/ha","13703","A","Official figure",""
"QCL","Crops and livestock products","484","Mexico","5510","Production","01491.01","Oil palm fruit","2023","2023","t","1392671.63","A","Official figure",""
"QCL","Crops and livestock products","484","Mexico","5412","Yield","01239.01","Okra","2020","2020","kg/ha","9430.6","A","Official figure",""
"QCL","Crops and livestock products","484","Mexico","5510","Production","01239.01","Okra","2020","2020","t","40223.34","A","Official figure",""
"QCL","Crops and livestock products","484","Mexico","5412","Yield","01239.01","Okra","2021","2021","kg/ha","9553.7","A","Official figure",""
"QCL","Crops and livestock products","484","Mexico","5510","Production","01239.01","Okra","2021","2021","t","38757.33","A","Official figure",""
"QCL","Crops and livestock products","484","Mexico","5412","Yield","01239.01","Okra","2022","2022","kg/ha","8797.3","A","Official figure",""
"QCL","Crops and livestock products","484","Mexico","5510","Production","01239.01","Okra","2022","2022","t","38011.5","A","Official figure",""
"QCL","Crops and livestock products","484","Mexico","5412","Yield","01239.01","Okra","2023","2023","kg/ha","10520.5","A","Official figure",""
"QCL","Crops and livestock products","484","Mexico","5510","Production","01239.01","Okra","2023","2023","t","20595.97","A","Official figure",""
"QCL","Crops and livestock products","484","Mexico","5412","Yield","01450","Olives","2020","2020","kg/ha","3242.9","A","Official figure",""
"QCL","Crops and livestock products","484","Mexico","5510","Production","01450","Olives","2020","2020","t","26762.37","A","Official figure",""
"QCL","Crops and livestock products","484","Mexico","5412","Yield","01450","Olives","2021","2021","kg/ha","3419.8","A","Official figure",""
"QCL","Crops and livestock products","484","Mexico","5510","Production","01450","Olives","2021","2021","t","32322.74","A","Official figure",""
"QCL","Crops and livestock products","484","Mexico","5412","Yield","01450","Olives","2022","2022","kg/ha","5025.2","A","Official figure",""
"QCL","Crops and livestock products","484","Mexico","5510","Production","01450","Olives","2022","2022","t","21519.73","A","Official figure",""
"QCL","Crops and livestock products","484","Mexico","5412","Yield","01450","Olives","2023","2023","kg/ha","4505.9","A","Official figure",""
"QCL","Crops and livestock products","484","Mexico","5510","Production","01450","Olives","2023","2023","t","23653.15","A","Official figure",""
"QCL","Crops and livestock products","484","Mexico","5412","Yield","01253.02","Onions and shallots, dry (excluding dehydrated)","2020","2020","kg/ha","30841.4","A","Official figure",""
"QCL","Crops and livestock products","484","Mexico","5510","Production","01253.02","Onions and shallots, dry (excluding dehydrated)","2020","2020","t","1499740.73","A","Official figure",""
"QCL","Crops and livestock products","484","Mexico","5412","Yield","01253.02","Onions and shallots, dry (excluding dehydrated)","2021","2021","kg/ha","30208","A","Official figure",""
"QCL","Crops and livestock products","484","Mexico","5510","Production","01253.02","Onions and shallots, dry (excluding dehydrated)","2021","2021","t","1451249.99","A","Official figure",""
"QCL","Crops and livestock products","484","Mexico","5412","Yield","01253.02","Onions and shallots, dry (excluding dehydrated)","2022","2022","kg/ha","30741","A","Official figure",""
"QCL","Crops and livestock products","484","Mexico","5510","Production","01253.02","Onions and shallots, dry (excluding dehydrated)","2022","2022","t","1528450.1","A","Official figure",""
"QCL","Crops and livestock products","484","Mexico","5412","Yield","01253.02","Onions and shallots, dry (excluding dehydrated)","2023","2023","kg/ha","32320.6","A","Official figure",""
"QCL","Crops and livestock products","484","Mexico","5510","Production","01253.02","Onions and shallots, dry (excluding dehydrated)","2023","2023","t","1801137.36","A","Official figure",""
"QCL","Crops and livestock products","484","Mexico","5412","Yield","01253.01","Onions and shallots, green","2020","2020","kg/ha","11588.6","E","Estimated value",""
"QCL","Crops and livestock products","484","Mexico","5510","Production","01253.01","Onions and shallots, green","2020","2020","t","98827.16","E","Estimated value",""
"QCL","Crops and livestock products","484","Mexico","5412","Yield","01253.01","Onions and shallots, green","2021","2021","kg/ha","11585","E","Estimated value",""
"QCL","Crops and livestock products","484","Mexico","5510","Production","01253.01","Onions and shallots, green","2021","2021","t","98643.15","E","Estimated value",""
"QCL","Crops and livestock products","484","Mexico","5412","Yield","01253.01","Onions and shallots, green","2022","2022","kg/ha","11583","E","Estimated value",""
"QCL","Crops and livestock products","484","Mexico","5510","Production","01253.01","Onions and shallots, green","2022","2022","t","98417.19","E","Estimated value",""
"QCL","Crops and livestock products","484","Mexico","5412","Yield","01253.01","Onions and shallots, green","2023","2023","kg/ha","11585.6","E","Estimated value",""
"QCL","Crops and livestock products","484","Mexico","5510","Production","01253.01","Onions and shallots, green","2023","2023","t","98629.17","E","Estimated value",""
"QCL","Crops and livestock products","484","Mexico","5412","Yield","01323","Oranges","2020","2020","kg/ha","14183.2","A","Official figure",""
"QCL","Crops and livestock products","484","Mexico","5510","Production","01323","Oranges","2020","2020","t","4648619.97","A","Official figure",""
"QCL","Crops and livestock products","484","Mexico","5412","Yield","01323","Oranges","2021","2021","kg/ha","13864.2","A","Official figure",""
"QCL","Crops and livestock products","484","Mexico","5510","Production","01323","Oranges","2021","2021","t","4595128.53","A","Official figure",""
"QCL","Crops and livestock products","484","Mexico","5412","Yield","01323","Oranges","2022","2022","kg/ha","14410.1","A","Official figure",""
"QCL","Crops and livestock products","484","Mexico","5510","Production","01323","Oranges","2022","2022","t","4854373.26","A","Official figure",""
"QCL","Crops and livestock products","484","Mexico","5412","Yield","01323","Oranges","2023","2023","kg/ha","14498.6","A","Official figure",""
"QCL","Crops and livestock products","484","Mexico","5510","Production","01323","Oranges","2023","2023","t","4942658.65","A","Official figure",""
"QCL","Crops and livestock products","484","Mexico","5510","Production","01241.90","Other beans, green","2020","2020","t","","M","Missing value (data cannot exist, not applicable)",""
"QCL","Crops and livestock products","484","Mexico","5510","Production","01241.90","Other beans, green","2021","2021","t","","M","Missing value (data cannot exist, not applicable)",""
"QCL","Crops and livestock products","484","Mexico","5510","Production","01241.90","Other beans, green","2022","2022","t","","M","Missing value (data cannot exist, not applicable)",""
"QCL","Crops and livestock products","484","Mexico","5510","Production","01241.90","Other beans, green","2023","2023","t","","M","Missing value (data cannot exist, not applicable)",""
"QCL","Crops and livestock products","484","Mexico","5412","Yield","01355.90","Other berries and fruits of the genus vaccinium n.e.c.","2020","2020","kg/ha","22600.7","A","Official figure",""
"QCL","Crops and livestock products","484","Mexico","5510","Production","01355.90","Other berries and fruits of the genus vaccinium n.e.c.","2020","2020","t","215923.73","A","Official figure",""
"QCL","Crops and livestock products","484","Mexico","5412","Yield","01355.90","Other berries and fruits of the genus vaccinium n.e.c.","2021","2021","kg/ha","23005.9","A","Official figure",""
"QCL","Crops and livestock products","484","Mexico","5510","Production","01355.90","Other berries and fruits of the genus vaccinium n.e.c.","2021","2021","t","211357.51","A","Official figure",""
"QCL","Crops and livestock products","484","Mexico","5412","Yield","01355.90","Other berries and fruits of the genus vaccinium n.e.c.","2022","2022","kg/ha","23042","A","Official figure",""
"QCL","Crops and livestock products","484","Mexico","5510","Production","01355.90","Other berries and fruits of the genus vaccinium n.e.c.","2022","2022","t","222608.25","A","Official figure",""
"QCL","Crops and livestock products","484","Mexico","5412","Yield","01355.90","Other berries and fruits of the genus vaccinium n.e.c.","2023","2023","kg/ha","21875.5","A","Official figure",""
"QCL","Crops and livestock products","484","Mexico","5510","Production","01355.90","Other berries and fruits of the genus vaccinium n.e.c.","2023","2023","t","238122.15","A","Official figure",""
"QCL","Crops and livestock products","484","Mexico","5412","Yield","01329","Other citrus fruit, n.e.c.","2020","2020","kg/ha","4277.2","E","Estimated value",""
"QCL","Crops and livestock products","484","Mexico","5510","Production","01329","Other citrus fruit, n.e.c.","2020","2020","t","297988.89","E","Estimated value",""
"QCL","Crops and livestock products","484","Mexico","5412","Yield","01329","Other citrus fruit, n.e.c.","2021","2021","kg/ha","4268.7","E","Estimated value",""
"QCL","Crops and livestock products","484","Mexico","5510","Production","01329","Other citrus fruit, n.e.c.","2021","2021","t","310218.52","E","Estimated value",""
"QCL","Crops and livestock products","484","Mexico","5412","Yield","01329","Other citrus fruit, n.e.c.","2022","2022","kg/ha","4288.7","E","Estimated value",""
"QCL","Crops and livestock products","484","Mexico","5510","Production","01329","Other citrus fruit, n.e.c.","2022","2022","t","304458.02","E","Estimated value",""
"QCL","Crops and livestock products","484","Mexico","5412","Yield","01329","Other citrus fruit, n.e.c.","2023","2023","kg/ha","4278.1","E","Estimated value",""
"QCL","Crops and livestock products","484","Mexico","5510","Production","01329","Other citrus fruit, n.e.c.","2023","2023","t","304221.81","E","Estimated value",""
"QCL","Crops and livestock products","484","Mexico","5412","Yield","01359.90","Other fruits, n.e.c.","2020","2020","kg/ha","6743.8","E","Estimated value",""
"QCL","Crops and livestock products","484","Mexico","5510","Production","01359.90","Other fruits, n.e.c.","2020","2020","t","523563.53","E","Estimated value",""
"QCL","Crops and livestock products","484","Mexico","5412","Yield","01359.90","Other fruits, n.e.c.","2021","2021","kg/ha","6717.2","E","Estimated value",""
"QCL","Crops and livestock products","484","Mexico","5510","Production","01359.90","Other fruits, n.e.c.","2021","2021","t","525071.18","E","Estimated value",""
"QCL","Crops and livestock products","484","Mexico","5412","Yield","01359.90","Other fruits, n.e.c.","2022","2022","kg/ha","6661.5","E","Estimated value",""
"QCL","Crops and livestock products","484","Mexico","5510","Production","01359.90","Other fruits, n.e.c.","2022","2022","t","521759.02","E","Estimated value",""
"QCL","Crops and livestock products","484","Mexico","5412","Yield","01359.90","Other fruits, n.e.c.","2023","2023","kg/ha","6707.4","E","Estimated value",""
"QCL","Crops and livestock products","484","Mexico","5510","Production","01359.90","Other fruits, n.e.c.","2023","2023","t","523464.57","E","Estimated value",""
"QCL","Crops and livestock products","484","Mexico","5412","Yield","01379.90","Other nuts (excluding wild edible nuts and groundnuts), in shell, n.e.c.","2020","2020","kg/ha","1932.2","E","Estimated value",""
"QCL","Crops and livestock products","484","Mexico","5510","Production","01379.90","Other nuts (excluding wild edible nuts and groundnuts), in shell, n.e.c.","2020","2020","t","124484.17","E","Estimated value",""
"QCL","Crops and livestock products","484","Mexico","5412","Yield","01379.90","Other nuts (excluding wild edible nuts and groundnuts), in shell, n.e.c.","2021","2021","kg/ha","1924.5","E","Estimated value",""
"QCL","Crops and livestock products","484","Mexico","5510","Production","01379.90","Other nuts (excluding wild edible nuts and groundnuts), in shell, n.e.c.","2021","2021","t","124753.09","E","Estimated value",""
"QCL","Crops and livestock products","484","Mexico","5412","Yield","01379.90","Other nuts (excluding wild edible nuts and groundnuts), in shell, n.e.c.","2022","2022","kg/ha","1906.3","E","Estimated value",""
"QCL","Crops and livestock products","484","Mexico","5510","Production","01379.90","Other nuts (excluding wild edible nuts and groundnuts), in shell, n.e.c.","2022","2022","t","124096.46","E","Estimated value",""
"QCL","Crops and livestock products","484","Mexico","5412","Yield","01379.90","Other nuts (excluding wild edible nuts and groundnuts), in shell, n.e.c.","2023","2023","kg/ha","1903.9","E","Estimated value",""
"QCL","Crops and livestock products","484","Mexico","5510","Production","01379.90","Other nuts (excluding wild edible nuts and groundnuts), in shell, n.e.c.","2023","2023","t","124444.57","E","Estimated value",""
"QCL","Crops and livestock products","484","Mexico","5412","Yield","01709.90","Other pulses n.e.c.","2020","2020","kg/ha","737.4","E","Estimated value",""
"QCL","Crops and livestock products","484","Mexico","5510","Production","01709.90","Other pulses n.e.c.","2020","2020","t","590.81","I","Imputed value",""
"QCL","Crops and livestock products","484","Mexico","5412","Yield","01709.90","Other pulses n.e.c.","2021","2021","kg/ha","727.4","E","Estimated value",""
"QCL","Crops and livestock products","484","Mexico","5510","Production","01709.90","Other pulses n.e.c.","2021","2021","t","592.82","I","Imputed value",""
"QCL","Crops and livestock products","484","Mexico","5412","Yield","01709.90","Other pulses n.e.c.","2022","2022","kg/ha","748.5","E","Estimated value",""
"QCL","Crops and livestock products","484","Mexico","5510","Production","01709.90","Other pulses n.e.c.","2022","2022","t","583.43","E","Estimated value",""
"QCL","Crops and livestock products","484","Mexico","5412","Yield","01709.90","Other pulses n.e.c.","2023","2023","kg/ha","737.6","E","Estimated value",""
"QCL","Crops and livestock products","484","Mexico","5510","Production","01709.90","Other pulses n.e.c.","2023","2023","t","589.02","E","Estimated value",""
"QCL","Crops and livestock products","484","Mexico","5412","Yield","01699","Other stimulant, spice and aromatic crops, n.e.c.","2020","2020","kg/ha","6991.6","E","Estimated value",""
"QCL","Crops and livestock products","484","Mexico","5510","Production","01699","Other stimulant, spice and aromatic crops, n.e.c.","2020","2020","t","6000","E","Estimated value",""
"QCL","Crops and livestock products","484","Mexico","5412","Yield","01699","Other stimulant, spice and aromatic crops, n.e.c.","2021","2021","kg/ha","7031.4","E","Estimated value",""
"QCL","Crops and livestock products","484","Mexico","5510","Production","01699","Other stimulant, spice and aromatic crops, n.e.c.","2021","2021","t","10000","E","Estimated value",""
"QCL","Crops and livestock products","484","Mexico","5412","Yield","01699","Other stimulant, spice and aromatic crops, n.e.c.","2022","2022","kg/ha","7045.6","E","Estimated value",""
"QCL","Crops and livestock products","484","Mexico","5510","Production","01699","Other stimulant, spice and aromatic crops, n.e.c.","2022","2022","t","11000","E","Estimated value",""
"QCL","Crops and livestock products","484","Mexico","5412","Yield","01699","Other stimulant, spice and aromatic crops, n.e.c.","2023","2023","kg/ha","7059.7","E","Estimated value",""
"QCL","Crops and livestock products","484","Mexico","5510","Production","01699","Other stimulant, spice and aromatic crops, n.e.c.","2023","2023","t","9995.57","I","Imputed value",""
"QCL","Crops and livestock products","484","Mexico","5412","Yield","01319","Other tropical fruits, n.e.c.","2020","2020","kg/ha","9826","E","Estimated value",""
"QCL","Crops and livestock products","484","Mexico","5510","Production","01319","Other tropical fruits, n.e.c.","2020","2020","t","478694.22","E","Estimated value",""
"QCL","Crops and livestock products","484","Mexico","5412","Yield","01319","Other tropical fruits, n.e.c.","2021","2021","kg/ha","9827.2","E","Estimated value",""
"QCL","Crops and livestock products","484","Mexico","5510","Production","01319","Other tropical fruits, n.e.c.","2021","2021","t","481682.76","E","Estimated value",""
"QCL","Crops and livestock products","484","Mexico","5412","Yield","01319","Other tropical fruits, n.e.c.","2022","2022","kg/ha","9827.4","E","Estimated value",""
"QCL","Crops and livestock products","484","Mexico","5510","Production","01319","Other tropical fruits, n.e.c.","2022","2022","t","482825.13","E","Estimated value",""
"QCL","Crops and livestock products","484","Mexico","5412","Yield","01319","Other tropical fruits, n.e.c.","2023","2023","kg/ha","9826.9","E","Estimated value",""
"QCL","Crops and livestock products","484","Mexico","5510","Production","01319","Other tropical fruits, n.e.c.","2023","2023","t","481067.37","E","Estimated value",""
"QCL","Crops and livestock products","484","Mexico","5412","Yield","01290.90","Other vegetables, fresh n.e.c.","2020","2020","kg/ha","8524.4","E","Estimated value",""
"QCL","Crops and livestock products","484","Mexico","5510","Production","01290.90","Other vegetables, fresh n.e.c.","2020","2020","t","810864.41","I","Imputed value",""
"QCL","Crops and livestock products","484","Mexico","5412","Yield","01290.90","Other vegetables, fresh n.e.c.","2021","2021","kg/ha","8510.4","E","Estimated value",""
"QCL","Crops and livestock products","484","Mexico","5510","Production","01290.90","Other vegetables, fresh n.e.c.","2021","2021","t","813998.94","I","Imputed value",""
"QCL","Crops and livestock products","484","Mexico","5412","Yield","01290.90","Other vegetables, fresh n.e.c.","2022","2022","kg/ha","8532.7","E","Estimated value",""
"QCL","Crops and livestock products","484","Mexico","5510","Production","01290.90","Other vegetables, fresh n.e.c.","2022","2022","t","818166.44","I","Imputed value",""
"QCL","Crops and livestock products","484","Mexico","5412","Yield","01290.90","Other vegetables, fresh n.e.c.","2023","2023","kg/ha","8555.1","E","Estimated value",""
"QCL","Crops and livestock products","484","Mexico","5510","Production","01290.90","Other vegetables, fresh n.e.c.","2023","2023","t","822333.95","I","Imputed value",""
"QCL","Crops and livestock products","484","Mexico","5412","Yield","01317","Papayas","2020","2020","kg/ha","58865.8","A","Official figure",""
"QCL","Crops and livestock products","484","Mexico","5510","Production","01317","Papayas","2020","2020","t","1117437.2","A","Official figure",""
"QCL","Crops and livestock products","484","Mexico","5412","Yield","01317","Papayas","2021","2021","kg/ha","58165.9","A","Official figure",""
"QCL","Crops and livestock products","484","Mexico","5510","Production","01317","Papayas","2021","2021","t","1134753.09","A","Official figure",""
"QCL","Crops and livestock products","484","Mexico","5412","Yield","01317","Papayas","2022","2022","kg/ha","58826.1","A","Official figure",""
"QCL","Crops and livestock products","484","Mexico","5510","Production","01317","Papayas","2022","2022","t","1196300.74","A","Official figure",""
"QCL","Crops and livestock products","484","Mexico","5412","Yield","01317","Papayas","2023","2023","kg/ha","56482.8","A","Official figure",""
"QCL","Crops and livestock products","484","Mexico","5510","Production","01317","Papayas","2023","2023","t","1148545.61","A","Official figure",""
"QCL","Crops and livestock products","484","Mexico","5412","Yield","01345","Peaches and nectarines","2020","2020","kg/ha","6628.7","A","Official figure",""
"QCL","Crops and livestock products","484","Mexico","5510","Production","01345","Peaches and nectarines","2020","2020","t","172950.32","A","Official figure",""
"QCL","Crops and livestock products","484","Mexico","5412","Yield","01345","Peaches and nectarines","2021","2021","kg/ha","6910.6","A","Official figure",""
"QCL","Crops and livestock products","484","Mexico","5510","Production","01345","Peaches and nectarines","2021","2021","t","217266","A","Official figure",""
"QCL","Crops and livestock products","484","Mexico","5412","Yield","01345","Peaches and nectarines","2022","2022","kg/ha","7258.5","A","Official figure",""
"QCL","Crops and livestock products","484","Mexico","5510","Production","01345","Peaches and nectarines","2022","2022","t","239133.5","A","Official figure",""
"QCL","Crops and livestock products","484","Mexico","5412","Yield","01345","Peaches and nectarines","2023","2023","kg/ha","7992.3","A","Official figure",""
"QCL","Crops and livestock products","484","Mexico","5510","Production","01345","Peaches and nectarines","2023","2023","t","257773.88","A","Official figure",""
"QCL","Crops and livestock products","484","Mexico","5412","Yield","01342.01","Pears","2020","2020","kg/ha","7096.4","A","Official figure",""
"QCL","Crops and livestock products","484","Mexico","5510","Production","01342.01","Pears","2020","2020","t","25903.35","A","Official figure",""
"QCL","Crops and livestock products","484","Mexico","5412","Yield","01342.01","Pears","2021","2021","kg/ha","7159.6","A","Official figure",""
"QCL","Crops and livestock products","484","Mexico","5510","Production","01342.01","Pears","2021","2021","t","25843.23","A","Official figure",""
"QCL","Crops and livestock products","484","Mexico","5412","Yield","01342.01","Pears","2022","2022","kg/ha","7409.9","A","Official figure",""
"QCL","Crops and livestock products","484","Mexico","5510","Production","01342.01","Pears","2022","2022","t","26374.48","A","Official figure",""
"QCL","Crops and livestock products","484","Mexico","5412","Yield","01342.01","Pears","2023","2023","kg/ha","7481.4","A","Official figure",""
"QCL","Crops and livestock products","484","Mexico","5510","Production","01342.01","Pears","2023","2023","t","26919.14","A","Official figure",""
"QCL","Crops and livestock products","484","Mexico","5412","Yield","01705","Peas, dry","2020","2020","kg/ha","1347.5","A","Official figure",""
"QCL","Crops and livestock products","484","Mexico","5510","Production","01705","Peas, dry","2020","2020","t","2200.57","A","Official figure",""
"QCL","Crops and livestock products","484","Mexico","5412","Yield","01705","Peas, dry","2021","2021","kg/ha","1333.7","A","Official figure",""
"QCL","Crops and livestock products","484","Mexico","5510","Production","01705","Peas, dry","2021","2021","t","2025.47","A","Official figure",""
"QCL","Crops and livestock products","484","Mexico","5412","Yield","01705","Peas, dry","2022","2022","kg/ha","1282.9","A","Official figure",""
"QCL","Crops and livestock products","484","Mexico","5510","Production","01705","Peas, dry","2022","2022","t","1565.68","A","Official figure",""
"QCL","Crops and livestock products","484","Mexico","5412","Yield","01705","Peas, dry","2023","2023","kg/ha","1278.6","A","Official figure",""
"QCL","Crops and livestock products","484","Mexico","5510","Production","01705","Peas, dry","2023","2023","t","1571.07","A","Official figure",""
"QCL","Crops and livestock products","484","Mexico","5412","Yield","01242","Peas, green","2020","2020","kg/ha","5308.2","A","Official figure",""
"QCL","Crops and livestock products","484","Mexico","5510","Production","01242","Peas, green","2020","2020","t","70059.36","A","Official figure",""
"QCL","Crops and livestock products","484","Mexico","5412","Yield","01242","Peas, green","2021","2021","kg/ha","5346.4","A","Official figure",""
"QCL","Crops and livestock products","484","Mexico","5510","Production","01242","Peas, green","2021","2021","t","69510.88","A","Official figure",""
"QCL","Crops and livestock products","484","Mexico","5412","Yield","01242","Peas, green","2022","2022","kg/ha","5474.9","A","Official figure",""
"QCL","Crops and livestock products","484","Mexico","5510","Production","01242","Peas, green","2022","2022","t","56962.57","A","Official figure",""
"QCL","Crops and livestock products","484","Mexico","5412","Yield","01242","Peas, green","2023","2023","kg/ha","5840.3","A","Official figure",""
"QCL","Crops and livestock products","484","Mexico","5510","Production","01242","Peas, green","2023","2023","t","58692.05","A","Official figure",""
"QCL","Crops and livestock products","484","Mexico","5412","Yield","01651","Pepper (Piper spp.), raw","2020","2020","kg/ha","2674.2","A","Official figure",""
"QCL","Crops and livestock products","484","Mexico","5510","Production","01651","Pepper (Piper spp.), raw","2020","2020","t","10399.48","A","Official figure",""
"QCL","Crops and livestock products","484","Mexico","5412","Yield","01651","Pepper (Piper spp.), raw","2021","2021","kg/ha","2746.4","A","Official figure",""
"QCL","Crops and livestock products","484","Mexico","5510","Production","01651","Pepper (Piper spp.), raw","2021","2021","t","9841.23","A","Official figure",""
"QCL","Crops and livestock products","484","Mexico","5412","Yield","01651","Pepper (Piper spp.), raw","2022","2022","kg/ha","3017.7","A","Official figure",""
"QCL","Crops and livestock products","484","Mexico","5510","Production","01651","Pepper (Piper spp.), raw","2022","2022","t","10265.34","A","Official figure",""
"QCL","Crops and livestock products","484","Mexico","5412","Yield","01651","Pepper (Piper spp.), raw","2023","2023","kg/ha","2908.4","A","Official figure",""
"QCL","Crops and livestock products","484","Mexico","5510","Production","01651","Pepper (Piper spp.), raw","2023","2023","t","9800.01","A","Official figure",""
"QCL","Crops and livestock products","484","Mexico","5412","Yield","01930.01","Peppermint, spearmint","2020","2020","kg/ha","10281.4","A","Official figure",""
"QCL","Crops and livestock products","484","Mexico","5510","Production","01930.01","Peppermint, spearmint","2020","2020","t","1010.04","A","Official figure",""
"QCL","Crops and livestock products","484","Mexico","5412","Yield","01930.01","Peppermint, spearmint","2021","2021","kg/ha","10229.2","A","Official figure",""
"QCL","Crops and livestock products","484","Mexico","5510","Production","01930.01","Peppermint, spearmint","2021","2021","t","1004","A","Official figure",""
"QCL","Crops and livestock products","484","Mexico","5412","Yield","01930.01","Peppermint, spearmint","2022","2022","kg/ha","13267.7","A","Official figure",""
"QCL","Crops and livestock products","484","Mexico","5510","Production","01930.01","Peppermint, spearmint","2022","2022","t","744.32","A","Official figure",""
"QCL","Crops and livestock products","484","Mexico","5412","Yield","01930.01","Peppermint, spearmint","2023","2023","kg/ha","13010.1","A","Official figure",""
"QCL","Crops and livestock products","484","Mexico","5510","Production","01930.01","Peppermint, spearmint","2023","2023","t","773.45","A","Official figure",""
"QCL","Crops and livestock products","484","Mexico","5412","Yield","01359.01","Persimmons","2020","2020","kg/ha","13244.3","A","Official figure",""
"QCL","Crops and livestock products","484","Mexico","5510","Production","01359.01","Persimmons","2020","2020","t","197.87","A","Official figure",""
"QCL","Crops and livestock products","484","Mexico","5412","Yield","01359.01","Persimmons","2021","2021","kg/ha","13701.3","A","Official figure",""
"QCL","Crops and livestock products","484","Mexico","5510","Production","01359.01","Persimmons","2021","2021","t","237.17","A","Official figure",""
"QCL","Crops and livestock products","484","Mexico","5412","Yield","01359.01","Persimmons","2022","2022","kg/ha","12622.5","A","Official figure",""
"QCL","Crops and livestock products","484","Mexico","5510","Production","01359.01","Persimmons","2022","2022","t","201.96","A","Official figure",""
"QCL","Crops and livestock products","484","Mexico","5412","Yield","01359.01","Persimmons","2023","2023","kg/ha","14780","A","Official figure",""
"QCL","Crops and livestock products","484","Mexico","5510","Production","01359.01","Persimmons","2023","2023","t","59.12","A","Official figure",""
"QCL","Crops and livestock products","484","Mexico","5412","Yield","01318","Pineapples","2020","2020","kg/ha","47437.6","A","Official figure",""
"QCL","Crops and livestock products","484","Mexico","5510","Production","01318","Pineapples","2020","2020","t","1208247.35","A","Official figure",""
"QCL","Crops and livestock products","484","Mexico","5412","Yield","01318","Pineapples","2021","2021","kg/ha","49820.6","A","Official figure",""
"QCL","Crops and livestock products","484","Mexico","5510","Production","01318","Pineapples","2021","2021","t","1271520.75","A","Official figure",""
"QCL","Crops and livestock products","484","Mexico","5412","Yield","01318","Pineapples","2022","2022","kg/ha","48829.9","A","Official figure",""
"QCL","Crops and livestock products","484","Mexico","5510","Production","01318","Pineapples","2022","2022","t","1251094.44","A","Official figure",""
"QCL","Crops and livestock products","484","Mexico","5412","Yield","01318","Pineapples","2023","2023","kg/ha","49020.5","A","Official figure",""
"QCL","Crops and livestock products","484","Mexico","5510","Production","01318","Pineapples","2023","2023","t","1272559.15","A","Official figure",""
"QCL","Crops and livestock products","484","Mexico","5412","Yield","01375","Pistachios, in shell","2020","2020","kg/ha","397.4","A","Official figure",""
"QCL","Crops and livestock products","484","Mexico","5510","Production","01375","Pistachios, in shell","2020","2020","t","104.41","A","Official figure",""
"QCL","Crops and livestock products","484","Mexico","5412","Yield","01375","Pistachios, in shell","2021","2021","kg/ha","427.5","A","Official figure",""
"QCL","Crops and livestock products","484","Mexico","5510","Production","01375","Pistachios, in shell","2021","2021","t","99.87","A","Official figure",""
"QCL","Crops and livestock products","484","Mexico","5412","Yield","01375","Pistachios, in shell","2022","2022","kg/ha","578","A","Official figure",""
"QCL","Crops and livestock products","484","Mexico","5510","Production","01375","Pistachios, in shell","2022","2022","t","66.76","A","Official figure",""
"QCL","Crops and livestock products","484","Mexico","5412","Yield","01375","Pistachios, in shell","2023","2023","kg/ha","417.7","A","Official figure",""
"QCL","Crops and livestock products","484","Mexico","5510","Production","01375","Pistachios, in shell","2023","2023","t","48.24","A","Official figure",""
"QCL","Crops and livestock products","484","Mexico","5412","Yield","01346","Plums and sloes","2020","2020","kg/ha","5594.2","A","Official figure",""
"QCL","Crops and livestock products","484","Mexico","5510","Production","01346","Plums and sloes","2020","2020","t","90437.64","A","Official figure",""
"QCL","Crops and livestock products","484","Mexico","5412","Yield","01346","Plums and sloes","2021","2021","kg/ha","5607.3","A","Official figure",""
"QCL","Crops and livestock products","484","Mexico","5510","Production","01346","Plums and sloes","2021","2021","t","84182.44","A","Official figure",""
"QCL","Crops and livestock products","484","Mexico","5412","Yield","01346","Plums and sloes","2022","2022","kg/ha","6040.9","A","Official figure",""
"QCL","Crops and livestock products","484","Mexico","5510","Production","01346","Plums and sloes","2022","2022","t","69985.91","A","Official figure",""
"QCL","Crops and livestock products","484","Mexico","5412","Yield","01346","Plums and sloes","2023","2023","kg/ha","5719.4","A","Official figure",""
"QCL","Crops and livestock products","484","Mexico","5510","Production","01346","Plums and sloes","2023","2023","t","64894.5","A","Official figure",""
"QCL","Crops and livestock products","484","Mexico","5412","Yield","01321","Pomelos and grapefruits","2020","2020","kg/ha","24747","A","Official figure",""
"QCL","Crops and livestock products","484","Mexico","5510","Production","01321","Pomelos and grapefruits","2020","2020","t","490834.02","A","Official figure",""
"QCL","Crops and livestock products","484","Mexico","5412","Yield","01321","Pomelos and grapefruits","2021","2021","kg/ha","22710.9","A","Official figure",""
"QCL","Crops and livestock products","484","Mexico","5510","Production","01321","Pomelos and grapefruits","2021","2021","t","453207.86","A","Official figure",""
"QCL","Crops and livestock products","484","Mexico","5412","Yield","01321","Pomelos and grapefruits","2022","2022","kg/ha","23962.1","A","Official figure",""
"QCL","Crops and livestock products","484","Mexico","5510","Production","01321","Pomelos and grapefruits","2022","2022","t","489101.57","A","Official figure",""
"QCL","Crops and livestock products","484","Mexico","5412","Yield","01321","Pomelos and grapefruits","2023","2023","kg/ha","23389.9","A","Official figure",""
"QCL","Crops and livestock products","484","Mexico","5510","Production","01321","Pomelos and grapefruits","2023","2023","t","488140.72","A","Official figure",""
"QCL","Crops and livestock products","484","Mexico","5412","Yield","01510","Potatoes","2020","2020","kg/ha","31943.5","A","Official figure",""
"QCL","Crops and livestock products","484","Mexico","5510","Production","01510","Potatoes","2020","2020","t","1943910.46","A","Official figure",""
"QCL","Crops and livestock products","484","Mexico","5412","Yield","01510","Potatoes","2021","2021","kg/ha","31778.1","A","Official figure",""
"QCL","Crops and livestock products","484","Mexico","5510","Production","01510","Potatoes","2021","2021","t","1947760.98","A","Official figure",""
"QCL","Crops and livestock products","484","Mexico","5412","Yield","01510","Potatoes","2022","2022","kg/ha","31263","A","Official figure",""
"QCL","Crops and livestock products","484","Mexico","5510","Production","01510","Potatoes","2022","2022","t","1878976","A","Official figure",""
"QCL","Crops and livestock products","484","Mexico","5412","Yield","01510","Potatoes","2023","2023","kg/ha","31971.5","A","Official figure",""
"QCL","Crops and livestock products","484","Mexico","5510","Production","01510","Potatoes","2023","2023","t","1986198.81","A","Official figure",""
"QCL","Crops and livestock products","484","Mexico","5412","Yield","01235","Pumpkins, squash and gourds","2020","2020","kg/ha","22058.8","A","Official figure",""
"QCL","Crops and livestock products","484","Mexico","5510","Production","01235","Pumpkins, squash and gourds","2020","2020","t","756780.51","A","Official figure",""
"QCL","Crops and livestock products","484","Mexico","5412","Yield","01235","Pumpkins, squash and gourds","2021","2021","kg/ha","20886.6","A","Official figure",""
"QCL","Crops and livestock products","484","Mexico","5510","Production","01235","Pumpkins, squash and gourds","2021","2021","t","738009.25","A","Official figure",""
"QCL","Crops and livestock products","484","Mexico","5412","Yield","01235","Pumpkins, squash and gourds","2022","2022","kg/ha","20747.6","A","Official figure",""
"QCL","Crops and livestock products","484","Mexico","5510","Production","01235","Pumpkins, squash and gourds","2022","2022","t","659714.4","A","Official figure",""
"QCL","Crops and livestock products","484","Mexico","5412","Yield","01235","Pumpkins, squash and gourds","2023","2023","kg/ha","21087.5","A","Official figure",""
"QCL","Crops and livestock products","484","Mexico","5510","Production","01235","Pumpkins, squash and gourds","2023","2023","t","715772.75","A","Official figure",""
"QCL","Crops and livestock products","484","Mexico","5412","Yield","01342.02","Quinces","2020","2020","kg/ha","8594.4","A","Official figure",""
"QCL","Crops and livestock products","484","Mexico","5510","Production","01342.02","Quinces","2020","2020","t","5866.04","A","Official figure",""
"QCL","Crops and livestock products","484","Mexico","5412","Yield","01342.02","Quinces","2021","2021","kg/ha","8776.5","A","Official figure",""
"QCL","Crops and livestock products","484","Mexico","5510","Production","01342.02","Quinces","2021","2021","t","5547.13","A","Official figure",""
"QCL","Crops and livestock products","484","Mexico","5412","Yield","01342.02","Quinces","2022","2022","kg/ha","7904.3","A","Official figure",""
"QCL","Crops and livestock products","484","Mexico","5510","Production","01342.02","Quinces","2022","2022","t","3293.72","A","Official figure",""
"QCL","Crops and livestock products","484","Mexico","5412","Yield","01342.02","Quinces","2023","2023","kg/ha","4758.8","A","Official figure",""
"QCL","Crops and livestock products","484","Mexico","5510","Production","01342.02","Quinces","2023","2023","t","2004.42","A","Official figure",""
"QCL","Crops and livestock products","484","Mexico","5412","Yield","01443","Rape or colza seed","2020","2020","kg/ha","666.7","X","Figure from international organizations",""
"QCL","Crops and livestock products","484","Mexico","5510","Production","01443","Rape or colza seed","2020","2020","t","2000","X","Figure from international organizations","Unofficial figure"
"QCL","Crops and livestock products","484","Mexico","5412","Yield","01443","Rape or colza seed","2021","2021","kg/ha","666.7","X","Figure from international organizations",""
"QCL","Crops and livestock products","484","Mexico","5510","Production","01443","Rape or colza seed","2021","2021","t","2000","X","Figure from international organizations","Unofficial figure"
"QCL","Crops and livestock products","484","Mexico","5412","Yield","01443","Rape or colza seed","2022","2022","kg/ha","500","X","Figure from international organizations",""
"QCL","Crops and livestock products","484","Mexico","5510","Production","01443","Rape or colza seed","2022","2022","t","1000","X","Figure from international organizations","Unofficial figure"
"QCL","Crops and livestock products","484","Mexico","5412","Yield","01443","Rape or colza seed","2023","2023","kg/ha","666.7","X","Figure from international organizations",""
"QCL","Crops and livestock products","484","Mexico","5510","Production","01443","Rape or colza seed","2023","2023","t","2000","X","Figure from international organizations","Unofficial figure"
"QCL","Crops and livestock products","484","Mexico","5412","Yield","01353.01","Raspberries","2020","2020","kg/ha","18842","A","Official figure",""
"QCL","Crops and livestock products","484","Mexico","5510","Production","01353.01","Raspberries","2020","2020","t","146349.72","A","Official figure",""
"QCL","Crops and livestock products","484","Mexico","5412","Yield","01353.01","Raspberries","2021","2021","kg/ha","19444.9","A","Official figure",""
"QCL","Crops and livestock products","484","Mexico","5510","Production","01353.01","Raspberries","2021","2021","t","165676.62","A","Official figure",""
"QCL","Crops and livestock products","484","Mexico","5412","Yield","01353.01","Raspberries","2022","2022","kg/ha","18568.1","A","Official figure",""
"QCL","Crops and livestock products","484","Mexico","5510","Production","01353.01","Raspberries","2022","2022","t","178667.24","A","Official figure",""
"QCL","Crops and livestock products","484","Mexico","5412","Yield","01353.01","Raspberries","2023","2023","kg/ha","18540.3","A","Official figure",""
"QCL","Crops and livestock products","484","Mexico","5510","Production","01353.01","Raspberries","2023","2023","t","190411.55","A","Official figure",""
"QCL","Crops and livestock products","484","Mexico","5412","Yield","0113","Rice","2020","2020","kg/ha","6210.7","A","Official figure",""
"QCL","Crops and livestock products","484","Mexico","5510","Production","0113","Rice","2020","2020","t","295337.84","A","Official figure",""
"QCL","Crops and livestock products","484","Mexico","5412","Yield","0113","Rice","2021","2021","kg/ha","6381.3","A","Official figure",""
"QCL","Crops and livestock products","484","Mexico","5510","Production","0113","Rice","2021","2021","t","257041.44","A","Official figure",""
"QCL","Crops and livestock products","484","Mexico","5412","Yield","0113","Rice","2022","2022","kg/ha","6500.1","A","Official figure",""
"QCL","Crops and livestock products","484","Mexico","5510","Production","0113","Rice","2022","2022","t","246317.45","A","Official figure",""
"QCL","Crops and livestock products","484","Mexico","5412","Yield","0113","Rice","2023","2023","kg/ha","6870.5","A","Official figure",""
"QCL","Crops and livestock products","484","Mexico","5510","Production","0113","Rice","2023","2023","t","252099.88","A","Official figure",""
"QCL","Crops and livestock products","484","Mexico","5412","Yield","0116","Rye","2020","2020","kg/ha","1748.9","A","Official figure",""
"QCL","Crops and livestock products","484","Mexico","5510","Production","0116","Rye","2020","2020","t","16.3","A","Official figure",""
"QCL","Crops and livestock products","484","Mexico","5412","Yield","0116","Rye","2021","2021","kg/ha","1746","A","Official figure",""
"QCL","Crops and livestock products","484","Mexico","5510","Production","0116","Rye","2021","2021","t","12.99","A","Official figure",""
"QCL","Crops and livestock products","484","Mexico","5412","Yield","0116","Rye","2022","2022","kg/ha","1880","A","Official figure",""
"QCL","Crops and livestock products","484","Mexico","5510","Production","0116","Rye","2022","2022","t","9.4","A","Official figure",""
"QCL","Crops and livestock products","484","Mexico","5412","Yield","0116","Rye","2023","2023","kg/ha","1790","A","Official figure",""
"QCL","Crops and livestock products","484","Mexico","5510","Production","0116","Rye","2023","2023","t","8.95","A","Official figure",""
"QCL","Crops and livestock products","484","Mexico","5412","Yield","01446","Safflower seed","2020","2020","kg/ha","1721.6","A","Official figure",""
"QCL","Crops and livestock products","484","Mexico","5510","Production","01446","Safflower seed","2020","2020","t","86793.16","A","Official figure",""
"QCL","Crops and livestock products","484","Mexico","5412","Yield","01446","Safflower seed","2021","2021","kg/ha","1690.1","A","Official figure",""
"QCL","Crops and livestock products","484","Mexico","5510","Production","01446","Safflower seed","2021","2021","t","52553.28","A","Official figure",""
"QCL","Crops and livestock products","484","Mexico","5412","Yield","01446","Safflower seed","2022","2022","kg/ha","1915.6","A","Official figure",""
"QCL","Crops and livestock products","484","Mexico","5510","Production","01446","Safflower seed","2022","2022","t","77137.45","A","Official figure",""
"QCL","Crops and livestock products","484","Mexico","5412","Yield","01446","Safflower seed","2023","2023","kg/ha","1945.5","A","Official figure",""
"QCL","Crops and livestock products","484","Mexico","5510","Production","01446","Safflower seed","2023","2023","t","65760.24","A","Official figure",""
"QCL","Crops and livestock products","484","Mexico","5412","Yield","01921.01","Seed cotton, unginned","2020","2020","kg/ha","4686.1","A","Official figure",""
"QCL","Crops and livestock products","484","Mexico","5510","Production","01921.01","Seed cotton, unginned","2020","2020","t","674706.45","A","Official figure",""
"QCL","Crops and livestock products","484","Mexico","5412","Yield","01921.01","Seed cotton, unginned","2021","2021","kg/ha","5122.1","A","Official figure",""
"QCL","Crops and livestock products","484","Mexico","5510","Production","01921.01","Seed cotton, unginned","2021","2021","t","812964.51","A","Official figure",""
"QCL","Crops and livestock products","484","Mexico","5412","Yield","01921.01","Seed cotton, unginned","2022","2022","kg/ha","4694.1","A","Official figure",""
"QCL","Crops and livestock products","484","Mexico","5510","Production","01921.01","Seed cotton, unginned","2022","2022","t","909809.24","A","Official figure",""
"QCL","Crops and livestock products","484","Mexico","5412","Yield","01921.01","Seed cotton, unginned","2023","2023","kg/ha","4518.8","A","Official figure",""
"QCL","Crops and livestock products","484","Mexico","5510","Production","01921.01","Seed cotton, unginned","2023","2023","t","604127.69","A","Official figure",""
"QCL","Crops and livestock products","484","Mexico","5412","Yield","01444","Sesame seed","2020","2020","kg/ha","660.7","A","Official figure",""
"QCL","Crops and livestock products","484","Mexico","5510","Production","01444","Sesame seed","2020","2020","t","51996.97","A","Official figure",""
"QCL","Crops and livestock products","484","Mexico","5412","Yield","01444","Sesame seed","2021","2021","kg/ha","729.8","A","Official figure",""
"QCL","Crops and livestock products","484","Mexico","5510","Production","01444","Sesame seed","2021","2021","t","53019.11","A","Official figure",""
"QCL","Crops and livestock products","484","Mexico","5412","Yield","01444","Sesame seed","2022","2022","kg/ha","693.1","A","Official figure",""
"QCL","Crops and livestock products","484","Mexico","5510","Production","01444","Sesame seed","2022","2022","t","56467.77","A","Official figure",""
"QCL","Crops and livestock products","484","Mexico","5412","Yield","01444","Sesame seed","2023","2023","kg/ha","781.2","A","Official figure",""
"QCL","Crops and livestock products","484","Mexico","5510","Production","01444","Sesame seed","2023","2023","t","50812.03","A","Official figure",""
"QCL","Crops and livestock products","484","Mexico","5412","Yield","01929.05","Sisal, raw","2020","2020","kg/ha","1447.3","A","Official figure",""
"QCL","Crops and livestock products","484","Mexico","5510","Production","01929.05","Sisal, raw","2020","2020","t","16013","A","Official figure",""
"QCL","Crops and livestock products","484","Mexico","5412","Yield","01929.05","Sisal, raw","2021","2021","kg/ha","1214.1","A","Official figure",""
"QCL","Crops and livestock products","484","Mexico","5510","Production","01929.05","Sisal, raw","2021","2021","t","13342","A","Official figure",""
"QCL","Crops and livestock products","484","Mexico","5412","Yield","01929.05","Sisal, raw","2022","2022","kg/ha","915.5","A","Official figure",""
"QCL","Crops and livestock products","484","Mexico","5510","Production","01929.05","Sisal, raw","2022","2022","t","6746","A","Official figure",""
"QCL","Crops and livestock products","484","Mexico","5412","Yield","01929.05","Sisal, raw","2023","2023","kg/ha","935.5","A","Official figure",""
"QCL","Crops and livestock products","484","Mexico","5510","Production","01929.05","Sisal, raw","2023","2023","t","6894","A","Official figure",""
"QCL","Crops and livestock products","484","Mexico","5412","Yield","0114","Sorghum","2020","2020","kg/ha","3235.6","A","Official figure",""
"QCL","Crops and livestock products","484","Mexico","5510","Production","0114","Sorghum","2020","2020","t","4703700.87","A","Official figure",""
"QCL","Crops and livestock products","484","Mexico","5412","Yield","0114","Sorghum","2021","2021","kg/ha","3368","A","Official figure",""
"QCL","Crops and livestock products","484","Mexico","5510","Production","0114","Sorghum","2021","2021","t","4370063.85","A","Official figure",""
"QCL","Crops and livestock products","484","Mexico","5412","Yield","0114","Sorghum","2022","2022","kg/ha","3526.8","A","Official figure",""
"QCL","Crops and livestock products","484","Mexico","5510","Production","0114","Sorghum","2022","2022","t","4762961.75","A","Official figure",""
"QCL","Crops and livestock products","484","Mexico","5412","Yield","0114","Sorghum","2023","2023","kg/ha","3648.7","A","Official figure",""
"QCL","Crops and livestock products","484","Mexico","5510","Production","0114","Sorghum","2023","2023","t","4815930.91","A","Official figure",""
"QCL","Crops and livestock products","484","Mexico","5412","Yield","0141","Soya beans","2020","2020","kg/ha","1567.2","A","Official figure",""
"QCL","Crops and livestock products","484","Mexico","5510","Production","0141","Soya beans","2020","2020","t","246018.87","A","Official figure",""
"QCL","Crops and livestock products","484","Mexico","5412","Yield","0141","Soya beans","2021","2021","kg/ha","1560","A","Official figure",""
"QCL","Crops and livestock products","484","Mexico","5510","Production","0141","Soya beans","2021","2021","t","288202.57","A","Official figure",""
"QCL","Crops and livestock products","484","Mexico","5412","Yield","0141","Soya beans","2022","2022","kg/ha","1521","A","Official figure",""
"QCL","Crops and livestock products","484","Mexico","5510","Production","0141","Soya beans","2022","2022","t","175544.5","A","Official figure",""
"QCL","Crops and livestock products","484","Mexico","5412","Yield","0141","Soya beans","2023","2023","kg/ha","2185.8","A","Official figure",""
"QCL","Crops and livestock products","484","Mexico","5510","Production","0141","Soya beans","2023","2023","t","199162.6","A","Official figure",""
"QCL","Crops and livestock products","484","Mexico","5412","Yield","01215","Spinach","2020","2020","kg/ha","17283.8","A","Official figure",""
"QCL","Crops and livestock products","484","Mexico","5510","Production","01215","Spinach","2020","2020","t","49312.82","A","Official figure",""
"QCL","Crops and livestock products","484","Mexico","5412","Yield","01215","Spinach","2021","2021","kg/ha","17114.1","A","Official figure",""
"QCL","Crops and livestock products","484","Mexico","5510","Production","01215","Spinach","2021","2021","t","48543.86","A","Official figure",""
"QCL","Crops and livestock products","484","Mexico","5412","Yield","01215","Spinach","2022","2022","kg/ha","15700.1","A","Official figure",""
"QCL","Crops and livestock products","484","Mexico","5510","Production","01215","Spinach","2022","2022","t","29108.39","A","Official figure",""
"QCL","Crops and livestock products","484","Mexico","5412","Yield","01215","Spinach","2023","2023","kg/ha","14669.5","A","Official figure",""
"QCL","Crops and livestock products","484","Mexico","5510","Production","01215","Spinach","2023","2023","t","40924.29","A","Official figure",""
"QCL","Crops and livestock products","484","Mexico","5412","Yield","01354","Strawberries","2020","2020","kg/ha","43173.8","A","Official figure",""
"QCL","Crops and livestock products","484","Mexico","5510","Production","01354","Strawberries","2020","2020","t","557514.2","A","Official figure",""
"QCL","Crops and livestock products","484","Mexico","5412","Yield","01354","Strawberries","2021","2021","kg/ha","45601.6","A","Official figure",""
"QCL","Crops and livestock products","484","Mexico","5510","Production","01354","Strawberries","2021","2021","t","542890.63","A","Official figure",""
"QCL","Crops and livestock products","484","Mexico","5412","Yield","01354","Strawberries","2022","2022","kg/ha","43488.8","A","Official figure",""
"QCL","Crops and livestock products","484","Mexico","5510","Production","01354","Strawberries","2022","2022","t","578141.89","A","Official figure",""
"QCL","Crops and livestock products","484","Mexico","5412","Yield","01354","Strawberries","2023","2023","kg/ha","42023.5","A","Official figure",""
"QCL","Crops and livestock products","484","Mexico","5510","Production","01354","Strawberries","2023","2023","t","641552.22","A","Official figure",""
"QCL","Crops and livestock products","484","Mexico","5412","Yield","01241.01","String beans","2020","2020","kg/ha","9751","A","Official figure",""
"QCL","Crops and livestock products","484","Mexico","5510","Production","01241.01","String beans","2020","2020","t","101956","A","Official figure",""
"QCL","Crops and livestock products","484","Mexico","5412","Yield","01241.01","String beans","2021","2021","kg/ha","9914.2","A","Official figure",""
"QCL","Crops and livestock products","484","Mexico","5510","Production","01241.01","String beans","2021","2021","t","102543","A","Official figure",""
"QCL","Crops and livestock products","484","Mexico","5412","Yield","01241.01","String beans","2022","2022","kg/ha","10354.5","A","Official figure",""
"QCL","Crops and livestock products","484","Mexico","5510","Production","01241.01","String beans","2022","2022","t","79761","A","Official figure",""
"QCL","Crops and livestock products","484","Mexico","5412","Yield","01241.01","String beans","2023","2023","kg/ha","10206.2","A","Official figure",""
"QCL","Crops and livestock products","484","Mexico","5510","Production","01241.01","String beans","2023","2023","t","104124","A","Official figure",""
"QCL","Crops and livestock products","484","Mexico","5412","Yield","01801","Sugar beet","2020","2020","kg/ha","13058.7","E","Estimated value",""
"QCL","Crops and livestock products","484","Mexico","5510","Production","01801","Sugar beet","2020","2020","t","891.58","E","Estimated value",""
"QCL","Crops and livestock products","484","Mexico","5412","Yield","01801","Sugar beet","2021","2021","kg/ha","13174","E","Estimated value",""
"QCL","Crops and livestock products","484","Mexico","5510","Production","01801","Sugar beet","2021","2021","t","898.26","E","Estimated value",""
"QCL","Crops and livestock products","484","Mexico","5412","Yield","01801","Sugar beet","2022","2022","kg/ha","13222.4","E","Estimated value",""
"QCL","Crops and livestock products","484","Mexico","5510","Production","01801","Sugar beet","2022","2022","t","900.3","E","Estimated value",""
"QCL","Crops and livestock products","484","Mexico","5412","Yield","01801","Sugar beet","2023","2023","kg/ha","13151.6","E","Estimated value",""
"QCL","Crops and livestock products","484","Mexico","5510","Production","01801","Sugar beet","2023","2023","t","896.71","E","Estimated value",""
"QCL","Crops and livestock products","484","Mexico","5412","Yield","01802","Sugar cane","2020","2020","kg/ha","69477.1","A","Official figure",""
"QCL","Crops and livestock products","484","Mexico","5510","Production","01802","Sugar cane","2020","2020","t","53841556.79","A","Official figure",""
"QCL","Crops and livestock products","484","Mexico","5412","Yield","01802","Sugar cane","2021","2021","kg/ha","68264.4","A","Official figure",""
"QCL","Crops and livestock products","484","Mexico","5510","Production","01802","Sugar cane","2021","2021","t","55247516.08","A","Official figure",""
"QCL","Crops and livestock products","484","Mexico","5412","Yield","01802","Sugar cane","2022","2022","kg/ha","69863.8","A","Official figure",""
"QCL","Crops and livestock products","484","Mexico","5510","Production","01802","Sugar cane","2022","2022","t","55556083.44","A","Official figure",""
"QCL","Crops and livestock products","484","Mexico","5412","Yield","01802","Sugar cane","2023","2023","kg/ha","68611.2","A","Official figure",""
"QCL","Crops and livestock products","484","Mexico","5510","Production","01802","Sugar cane","2023","2023","t","55977193.34","A","Official figure",""
"QCL","Crops and livestock products","484","Mexico","5412","Yield","01445","Sunflower seed","2020","2020","kg/ha","1297.2","A","Official figure",""
"QCL","Crops and livestock products","484","Mexico","5510","Production","01445","Sunflower seed","2020","2020","t","8331.13","A","Official figure",""
"QCL","Crops and livestock products","484","Mexico","5412","Yield","01445","Sunflower seed","2021","2021","kg/ha","1346.1","A","Official figure",""
"QCL","Crops and livestock products","484","Mexico","5510","Production","01445","Sunflower seed","2021","2021","t","7668.63","A","Official figure",""
"QCL","Crops and livestock products","484","Mexico","5412","Yield","01445","Sunflower seed","2022","2022","kg/ha","1834.4","A","Official figure",""
"QCL","Crops and livestock products","484","Mexico","5510","Production","01445","Sunflower seed","2022","2022","t","4731.92","A","Official figure",""
"QCL","Crops and livestock products","484","Mexico","5412","Yield","01445","Sunflower seed","2023","2023","kg/ha","1150.1","A","Official figure",""
"QCL","Crops and livestock products","484","Mexico","5510","Production","01445","Sunflower seed","2023","2023","t","5034.5","A","Official figure",""
"QCL","Crops and livestock products","484","Mexico","5412","Yield","01530","Sweet potatoes","2020","2020","kg/ha","19590.7","A","Official figure",""
"QCL","Crops and livestock products","484","Mexico","5510","Production","01530","Sweet potatoes","2020","2020","t","75396.19","A","Official figure",""
"QCL","Crops and livestock products","484","Mexico","5412","Yield","01530","Sweet potatoes","2021","2021","kg/ha","19790","A","Official figure",""
"QCL","Crops and livestock products","484","Mexico","5510","Production","01530","Sweet potatoes","2021","2021","t","79005.81","A","Official figure",""
"QCL","Crops and livestock products","484","Mexico","5412","Yield","01530","Sweet potatoes","2022","2022","kg/ha","20093.5","A","Official figure",""
"QCL","Crops and livestock products","484","Mexico","5510","Production","01530","Sweet potatoes","2022","2022","t","62475.16","A","Official figure",""
"QCL","Crops and livestock products","484","Mexico","5412","Yield","01530","Sweet potatoes","2023","2023","kg/ha","21132.9","A","Official figure",""
"QCL","Crops and livestock products","484","Mexico","5510","Production","01530","Sweet potatoes","2023","2023","t","76972.06","A","Official figure",""
"QCL","Crops and livestock products","484","Mexico","5412","Yield","01324","Tangerines, mandarins, clementines","2020","2020","kg/ha","14689.8","A","Official figure",""
"QCL","Crops and livestock products","484","Mexico","5510","Production","01324","Tangerines, mandarins, clementines","2020","2020","t","530367.53","A","Official figure",""
"QCL","Crops and livestock products","484","Mexico","5412","Yield","01324","Tangerines, mandarins, clementines","2021","2021","kg/ha","12654.7","A","Official figure",""
"QCL","Crops and livestock products","484","Mexico","5510","Production","01324","Tangerines, mandarins, clementines","2021","2021","t","451830.38","A","Official figure",""
"QCL","Crops and livestock products","484","Mexico","5412","Yield","01324","Tangerines, mandarins, clementines","2022","2022","kg/ha","14682.5","A","Official figure",""
"QCL","Crops and livestock products","484","Mexico","5510","Production","01324","Tangerines, mandarins, clementines","2022","2022","t","506542.14","A","Official figure",""
"QCL","Crops and livestock products","484","Mexico","5412","Yield","01324","Tangerines, mandarins, clementines","2023","2023","kg/ha","14875","A","Official figure",""
"QCL","Crops and livestock products","484","Mexico","5510","Production","01324","Tangerines, mandarins, clementines","2023","2023","t","510341.69","A","Official figure",""
"QCL","Crops and livestock products","484","Mexico","5412","Yield","01234","Tomatoes","2020","2020","kg/ha","48717.1","A","Official figure",""
"QCL","Crops and livestock products","484","Mexico","5510","Production","01234","Tomatoes","2020","2020","t","4137341.85","A","Official figure",""
"QCL","Crops and livestock products","484","Mexico","5412","Yield","01234","Tomatoes","2021","2021","kg/ha","45946.6","A","Official figure",""
"QCL","Crops and livestock products","484","Mexico","5510","Production","01234","Tomatoes","2021","2021","t","4149240.67","A","Official figure",""
"QCL","Crops and livestock products","484","Mexico","5412","Yield","01234","Tomatoes","2022","2022","kg/ha","46997.3","A","Official figure",""
"QCL","Crops and livestock products","484","Mexico","5510","Production","01234","Tomatoes","2022","2022","t","4217896.62","A","Official figure",""
"QCL","Crops and livestock products","484","Mexico","5412","Yield","01234","Tomatoes","2023","2023","kg/ha","49028.9","A","Official figure",""
"QCL","Crops and livestock products","484","Mexico","5510","Production","01234","Tomatoes","2023","2023","t","4394806.98","A","Official figure",""
"QCL","Crops and livestock products","484","Mexico","5412","Yield","01191","Triticale","2020","2020","kg/ha","2776.4","A","Official figure",""
"QCL","Crops and livestock products","484","Mexico","5510","Production","01191","Triticale","2020","2020","t","25301.42","A","Official figure",""
"QCL","Crops and livestock products","484","Mexico","5412","Yield","01191","Triticale","2021","2021","kg/ha","2607.1","A","Official figure",""
"QCL","Crops and livestock products","484","Mexico","5510","Production","01191","Triticale","2021","2021","t","27587.88","A","Official figure",""
"QCL","Crops and livestock products","484","Mexico","5412","Yield","01191","Triticale","2022","2022","kg/ha","4301.5","A","Official figure",""
"QCL","Crops and livestock products","484","Mexico","5510","Production","01191","Triticale","2022","2022","t","20404.31","A","Official figure",""
"QCL","Crops and livestock products","484","Mexico","5412","Yield","01191","Triticale","2023","2023","kg/ha","4121.6","A","Official figure",""
"QCL","Crops and livestock products","484","Mexico","5510","Production","01191","Triticale","2023","2023","t","21983.74","A","Official figure",""
"QCL","Crops and livestock products","484","Mexico","5412","Yield","01970","Unmanufactured tobacco","2020","2020","kg/ha","2100.3","A","Official figure",""
"QCL","Crops and livestock products","484","Mexico","5510","Production","01970","Unmanufactured tobacco","2020","2020","t","14476.46","A","Official figure",""
"QCL","Crops and livestock products","484","Mexico","5412","Yield","01970","Unmanufactured tobacco","2021","2021","kg/ha","2477.3","A","Official figure",""
"QCL","Crops and livestock products","484","Mexico","5510","Production","01970","Unmanufactured tobacco","2021","2021","t","17823.53","A","Official figure",""
"QCL","Crops and livestock products","484","Mexico","5412","Yield","01970","Unmanufactured tobacco","2022","2022","kg/ha","2434","A","Official figure",""
"QCL","Crops and livestock products","484","Mexico","5510","Production","01970","Unmanufactured tobacco","2022","2022","t","15250.32","A","Official figure",""
"QCL","Crops and livestock products","484","Mexico","5412","Yield","01970","Unmanufactured tobacco","2023","2023","kg/ha","2524","A","Official figure",""
"QCL","Crops and livestock products","484","Mexico","5510","Production","01970","Unmanufactured tobacco","2023","2023","t","18232.75","A","Official figure",""
"QCL","Crops and livestock products","484","Mexico","5412","Yield","01658","Vanilla, raw","2020","2020","kg/ha","569","A","Official figure",""
"QCL","Crops and livestock products","484","Mexico","5510","Production","01658","Vanilla, raw","2020","2020","t","588.71","A","Official figure",""
"QCL","Crops and livestock products","484","Mexico","5412","Yield","01658","Vanilla, raw","2021","2021","kg/ha","582.5","A","Official figure",""
"QCL","Crops and livestock products","484","Mexico","5510","Production","01658","Vanilla, raw","2021","2021","t","609.57","A","Official figure",""
"QCL","Crops and livestock products","484","Mexico","5412","Yield","01658","Vanilla, raw","2022","2022","kg/ha","645.3","A","Official figure",""
"QCL","Crops and livestock products","484","Mexico","5510","Production","01658","Vanilla, raw","2022","2022","t","515.37","A","Official figure",""
"QCL","Crops and livestock products","484","Mexico","5412","Yield","01658","Vanilla, raw","2023","2023","kg/ha","628.8","A","Official figure",""
"QCL","Crops and livestock products","484","Mexico","5510","Production","01658","Vanilla, raw","2023","2023","t","507.87","A","Official figure",""
"QCL","Crops and livestock products","484","Mexico","5412","Yield","01709.01","Vetches","2020","2020","kg/ha","12021.9","A","Official figure",""
"QCL","Crops and livestock products","484","Mexico","5510","Production","01709.01","Vetches","2020","2020","t","109397.12","A","Official figure",""
"QCL","Crops and livestock products","484","Mexico","5412","Yield","01709.01","Vetches","2021","2021","kg/ha","12170.9","A","Official figure",""
"QCL","Crops and livestock products","484","Mexico","5510","Production","01709.01","Vetches","2021","2021","t","109354.59","A","Official figure",""
"QCL","Crops and livestock products","484","Mexico","5412","Yield","01709.01","Vetches","2022","2022","kg/ha","13066.2","A","Official figure",""
"QCL","Crops and livestock products","484","Mexico","5510","Production","01709.01","Vetches","2022","2022","t","56392.07","A","Official figure",""
"QCL","Crops and livestock products","484","Mexico","5412","Yield","01709.01","Vetches","2023","2023","kg/ha","12158.3","A","Official figure",""
"QCL","Crops and livestock products","484","Mexico","5510","Production","01709.01","Vetches","2023","2023","t","74840.78","A","Official figure",""
"QCL","Crops and livestock products","484","Mexico","5412","Yield","01376","Walnuts, in shell","2020","2020","kg/ha","1513.7","A","Official figure",""
"QCL","Crops and livestock products","484","Mexico","5510","Production","01376","Walnuts, in shell","2020","2020","t","164651.52","A","Official figure",""
"QCL","Crops and livestock products","484","Mexico","5412","Yield","01376","Walnuts, in shell","2021","2021","kg/ha","1218.3","A","Official figure",""
"QCL","Crops and livestock products","484","Mexico","5510","Production","01376","Walnuts, in shell","2021","2021","t","135946.76","A","Official figure",""
"QCL","Crops and livestock products","484","Mexico","5412","Yield","01376","Walnuts, in shell","2022","2022","kg/ha","1516.3","A","Official figure",""
"QCL","Crops and livestock products","484","Mexico","5510","Production","01376","Walnuts, in shell","2022","2022","t","177581.71","A","Official figure",""
"QCL","Crops and livestock products","484","Mexico","5412","Yield","01376","Walnuts, in shell","2023","2023","kg/ha","1391.6","A","Official figure",""
"QCL","Crops and livestock products","484","Mexico","5510","Production","01376","Walnuts, in shell","2023","2023","t","167777.15","A","Official figure",""
"QCL","Crops and livestock products","484","Mexico","5412","Yield","01221","Watermelons","2020","2020","kg/ha","34827.9","A","Official figure",""
"QCL","Crops and livestock products","484","Mexico","5510","Production","01221","Watermelons","2020","2020","t","1362392.66","A","Official figure",""
"QCL","Crops and livestock products","484","Mexico","5412","Yield","01221","Watermelons","2021","2021","kg/ha","31913.3","A","Official figure",""
"QCL","Crops and livestock products","484","Mexico","5510","Production","01221","Watermelons","2021","2021","t","1194033","A","Official figure",""
"QCL","Crops and livestock products","484","Mexico","5412","Yield","01221","Watermelons","2022","2022","kg/ha","30813.4","A","Official figure",""
"QCL","Crops and livestock products","484","Mexico","5510","Production","01221","Watermelons","2022","2022","t","1177069.82","A","Official figure",""
"QCL","Crops and livestock products","484","Mexico","5412","Yield","01221","Watermelons","2023","2023","kg/ha","33450.5","A","Official figure",""
"QCL","Crops and livestock products","484","Mexico","5510","Production","01221","Watermelons","2023","2023","t","1428910.28","A","Official figure",""
"QCL","Crops and livestock products","484","Mexico","5412","Yield","0111","Wheat","2020","2020","kg/ha","5321.2","A","Official figure",""
"QCL","Crops and livestock products","484","Mexico","5510","Production","0111","Wheat","2020","2020","t","2986689.24","A","Official figure",""
"QCL","Crops and livestock products","484","Mexico","5412","Yield","0111","Wheat","2021","2021","kg/ha","5994.4","A","Official figure",""
"QCL","Crops and livestock products","484","Mexico","5510","Production","0111","Wheat","2021","2021","t","3283613.73","A","Official figure",""
"QCL","Crops and livestock products","484","Mexico","5412","Yield","0111","Wheat","2022","2022","kg/ha","6060.3","A","Official figure",""
"QCL","Crops and livestock products","484","Mexico","5510","Production","0111","Wheat","2022","2022","t","3610847.35","A","Official figure",""
"QCL","Crops and livestock products","484","Mexico","5412","Yield","0111","Wheat","2023","2023","kg/ha","6203.1","A","Official figure",""
"QCL","Crops and livestock products","484","Mexico","5510","Production","0111","Wheat","2023","2023","t","3476026.8","A","Official figure",""
"QCL","Crops and livestock products","484","Mexico","5412","Yield","01591","Yautia","2020","2020","kg/ha","68733.6","A","Official figure",""
"QCL","Crops and livestock products","484","Mexico","5510","Production","01591","Yautia","2020","2020","t","50959.12","A","Official figure",""
"QCL","Crops and livestock products","484","Mexico","5412","Yield","01591","Yautia","2021","2021","kg/ha","69314.2","A","Official figure",""
"QCL","Crops and livestock products","484","Mexico","5510","Production","01591","Yautia","2021","2021","t","47941.84","A","Official figure",""
"QCL","Crops and livestock products","484","Mexico","5412","Yield","01591","Yautia","2022","2022","kg/ha","80131.9","A","Official figure",""
"QCL","Crops and livestock products","484","Mexico","5510","Production","01591","Yautia","2022","2022","t","39665.3","A","Official figure",""
"QCL","Crops and livestock products","484","Mexico","5412","Yield","01591","Yautia","2023","2023","kg/ha","80160.6","A","Official figure",""
"QCL","Crops and livestock products","484","Mexico","5510","Production","01591","Yautia","2023","2023","t","39679.5","A","Official figure",""
